2026-05-23 11:14:42,900 DEBUG urllib3.connectionpool Starting new HTTPS connection (1): data.medicaid.gov:443
2026-05-23 11:14:43,016 DEBUG urllib3.connectionpool https://data.medicaid.gov:443 "GET /api/1/metastore/schemas/dataset/items?limit=50&offset=0 HTTP/1.1" 200 72892
2026-05-23 11:14:43,040 INFO  sdud_pull GET https://download.medicaid.gov/data/sdud-2020-updated-05012026.csv
2026-05-23 11:14:43,041 DEBUG urllib3.connectionpool Starting new HTTPS connection (1): download.medicaid.gov:443
2026-05-23 11:14:43,090 DEBUG urllib3.connectionpool https://download.medicaid.gov:443 "GET /data/sdud-2020-updated-05012026.csv HTTP/1.1" 200 467218269
2026-05-23 11:14:53,015 INFO  sdud_pull year=2020 rows=4884121 in=467.2MB out=91.9MB dest=/tmp/sdud-stage/year=2020/data.csv.gz
2026-05-23 11:14:53,142 INFO  azure.core.pipeline.policies.http_logging_policy Request URL: 'https://stasiprod1eus2.blob.core.windows.net/healthcare/bronze/sdud/year%3D2020/data.csv.gz?comp=REDACTED&blockid=REDACTED'
Request method: 'PUT'
Request headers:
    'Content-Length': '4194304'
    'x-ms-version': 'REDACTED'
    'Content-Type': 'application/octet-stream'
    'Accept': 'application/xml'
    'User-Agent': 'azsdk-python-storage-blob/12.28.0 Python/3.14.4 (macOS-26.5-arm64-arm-64bit-Mach-O)'
    'x-ms-date': 'REDACTED'
    'x-ms-client-request-id': '26490fdc-56ba-11f1-a9e9-2e3bd8daa033'
    'Authorization': 'REDACTED'
A body is sent with the request
2026-05-23 11:14:53,144 DEBUG urllib3.connectionpool Starting new HTTPS connection (1): stasiprod1eus2.blob.core.windows.net:443
2026-05-23 11:14:53,664 DEBUG urllib3.connectionpool https://stasiprod1eus2.blob.core.windows.net:443 "PUT /healthcare/bronze/sdud/year%3D2020/data.csv.gz?comp=block&blockid=TURBd01EQXdNREF3TURBd01EQXdNREF3TURBd01EQXdNREF3TURBd01EQSUzRA%3D%3D HTTP/1.1" 201 0
2026-05-23 11:14:53,667 INFO  azure.core.pipeline.policies.http_logging_policy Response status: 201
Response headers:
    'Content-Length': '0'
    'Server': 'Windows-Azure-Blob/1.0 Microsoft-HTTPAPI/2.0'
    'x-ms-request-id': '7418b481-301e-001c-31c6-ea3ea1000000'
    'x-ms-client-request-id': '26490fdc-56ba-11f1-a9e9-2e3bd8daa033'
    'x-ms-version': 'REDACTED'
    'x-ms-content-crc64': 'REDACTED'
    'x-ms-request-server-encrypted': 'REDACTED'
    'Date': 'Sat, 23 May 2026 15:14:53 GMT'
2026-05-23 11:14:53,670 INFO  azure.core.pipeline.policies.http_logging_policy Request URL: 'https://stasiprod1eus2.blob.core.windows.net/healthcare/bronze/sdud/year%3D2020/data.csv.gz?comp=REDACTED&blockid=REDACTED'
Request method: 'PUT'
Request headers:
    'Content-Length': '4194304'
    'x-ms-version': 'REDACTED'
    'Content-Type': 'application/octet-stream'
    'Accept': 'application/xml'
    'User-Agent': 'azsdk-python-storage-blob/12.28.0 Python/3.14.4 (macOS-26.5-arm64-arm-64bit-Mach-O)'
    'x-ms-date': 'REDACTED'
    'x-ms-client-request-id': '26999bdc-56ba-11f1-a9e9-2e3bd8daa033'
    'Authorization': 'REDACTED'
A body is sent with the request
2026-05-23 11:14:54,117 DEBUG urllib3.connectionpool https://stasiprod1eus2.blob.core.windows.net:443 "PUT /healthcare/bronze/sdud/year%3D2020/data.csv.gz?comp=block&blockid=TURBd01EQXdNREF3TURBd01EQXdNREF3TURBd01EQXdNRFF4T1RRek1EUSUzRA%3D%3D HTTP/1.1" 201 0
2026-05-23 11:14:54,117 INFO  azure.core.pipeline.policies.http_logging_policy Response status: 201
Response headers:
    'Content-Length': '0'
    'Server': 'Windows-Azure-Blob/1.0 Microsoft-HTTPAPI/2.0'
    'x-ms-request-id': '7418b658-301e-001c-39c6-ea3ea1000000'
    'x-ms-client-request-id': '26999bdc-56ba-11f1-a9e9-2e3bd8daa033'
    'x-ms-version': 'REDACTED'
    'x-ms-content-crc64': 'REDACTED'
    'x-ms-request-server-encrypted': 'REDACTED'
    'Date': 'Sat, 23 May 2026 15:14:53 GMT'
2026-05-23 11:14:54,119 INFO  azure.core.pipeline.policies.http_logging_policy Request URL: 'https://stasiprod1eus2.blob.core.windows.net/healthcare/bronze/sdud/year%3D2020/data.csv.gz?comp=REDACTED&blockid=REDACTED'
Request method: 'PUT'
Request headers:
    'Content-Length': '4194304'
    'x-ms-version': 'REDACTED'
    'Content-Type': 'application/octet-stream'
    'Accept': 'application/xml'
    'User-Agent': 'azsdk-python-storage-blob/12.28.0 Python/3.14.4 (macOS-26.5-arm64-arm-64bit-Mach-O)'
    'x-ms-date': 'REDACTED'
    'x-ms-client-request-id': '26de29d2-56ba-11f1-a9e9-2e3bd8daa033'
    'Authorization': 'REDACTED'
A body is sent with the request
2026-05-23 11:14:54,628 DEBUG urllib3.connectionpool https://stasiprod1eus2.blob.core.windows.net:443 "PUT /healthcare/bronze/sdud/year%3D2020/data.csv.gz?comp=block&blockid=TURBd01EQXdNREF3TURBd01EQXdNREF3TURBd01EQXdNRGd6T0RnMk1EZyUzRA%3D%3D HTTP/1.1" 201 0
2026-05-23 11:14:54,628 INFO  azure.core.pipeline.policies.http_logging_policy Response status: 201
Response headers:
    'Content-Length': '0'
    'Server': 'Windows-Azure-Blob/1.0 Microsoft-HTTPAPI/2.0'
    'x-ms-request-id': '7418b806-301e-001c-1fc6-ea3ea1000000'
    'x-ms-client-request-id': '26de29d2-56ba-11f1-a9e9-2e3bd8daa033'
    'x-ms-version': 'REDACTED'
    'x-ms-content-crc64': 'REDACTED'
    'x-ms-request-server-encrypted': 'REDACTED'
    'Date': 'Sat, 23 May 2026 15:14:54 GMT'
2026-05-23 11:14:54,630 INFO  azure.core.pipeline.policies.http_logging_policy Request URL: 'https://stasiprod1eus2.blob.core.windows.net/healthcare/bronze/sdud/year%3D2020/data.csv.gz?comp=REDACTED&blockid=REDACTED'
Request method: 'PUT'
Request headers:
    'Content-Length': '4194304'
    'x-ms-version': 'REDACTED'
    'Content-Type': 'application/octet-stream'
    'Accept': 'application/xml'
    'User-Agent': 'azsdk-python-storage-blob/12.28.0 Python/3.14.4 (macOS-26.5-arm64-arm-64bit-Mach-O)'
    'x-ms-date': 'REDACTED'
    'x-ms-client-request-id': '272c2286-56ba-11f1-a9e9-2e3bd8daa033'
    'Authorization': 'REDACTED'
A body is sent with the request
2026-05-23 11:14:55,057 DEBUG urllib3.connectionpool https://stasiprod1eus2.blob.core.windows.net:443 "PUT /healthcare/bronze/sdud/year%3D2020/data.csv.gz?comp=block&blockid=TURBd01EQXdNREF3TURBd01EQXdNREF3TURBd01EQXdNVEkxT0RJNU1USSUzRA%3D%3D HTTP/1.1" 201 0
2026-05-23 11:14:55,058 INFO  azure.core.pipeline.policies.http_logging_policy Response status: 201
Response headers:
    'Content-Length': '0'
    'Server': 'Windows-Azure-Blob/1.0 Microsoft-HTTPAPI/2.0'
    'x-ms-request-id': '7418ba07-301e-001c-43c6-ea3ea1000000'
    'x-ms-client-request-id': '272c2286-56ba-11f1-a9e9-2e3bd8daa033'
    'x-ms-version': 'REDACTED'
    'x-ms-content-crc64': 'REDACTED'
    'x-ms-request-server-encrypted': 'REDACTED'
    'Date': 'Sat, 23 May 2026 15:14:54 GMT'
2026-05-23 11:14:55,060 INFO  azure.core.pipeline.policies.http_logging_policy Request URL: 'https://stasiprod1eus2.blob.core.windows.net/healthcare/bronze/sdud/year%3D2020/data.csv.gz?comp=REDACTED&blockid=REDACTED'
Request method: 'PUT'
Request headers:
    'Content-Length': '4194304'
    'x-ms-version': 'REDACTED'
    'Content-Type': 'application/octet-stream'
    'Accept': 'application/xml'
    'User-Agent': 'azsdk-python-storage-blob/12.28.0 Python/3.14.4 (macOS-26.5-arm64-arm-64bit-Mach-O)'
    'x-ms-date': 'REDACTED'
    'x-ms-client-request-id': '276db926-56ba-11f1-a9e9-2e3bd8daa033'
    'Authorization': 'REDACTED'
A body is sent with the request
2026-05-23 11:14:55,602 DEBUG urllib3.connectionpool https://stasiprod1eus2.blob.core.windows.net:443 "PUT /healthcare/bronze/sdud/year%3D2020/data.csv.gz?comp=block&blockid=TURBd01EQXdNREF3TURBd01EQXdNREF3TURBd01EQXdNVFkzTnpjeU1UWSUzRA%3D%3D HTTP/1.1" 201 0
2026-05-23 11:14:55,603 INFO  azure.core.pipeline.policies.http_logging_policy Response status: 201
Response headers:
    'Content-Length': '0'
    'Server': 'Windows-Azure-Blob/1.0 Microsoft-HTTPAPI/2.0'
    'x-ms-request-id': '7418bbad-301e-001c-16c6-ea3ea1000000'
    'x-ms-client-request-id': '276db926-56ba-11f1-a9e9-2e3bd8daa033'
    'x-ms-version': 'REDACTED'
    'x-ms-content-crc64': 'REDACTED'
    'x-ms-request-server-encrypted': 'REDACTED'
    'Date': 'Sat, 23 May 2026 15:14:55 GMT'
2026-05-23 11:14:55,605 INFO  azure.core.pipeline.policies.http_logging_policy Request URL: 'https://stasiprod1eus2.blob.core.windows.net/healthcare/bronze/sdud/year%3D2020/data.csv.gz?comp=REDACTED&blockid=REDACTED'
Request method: 'PUT'
Request headers:
    'Content-Length': '4194304'
    'x-ms-version': 'REDACTED'
    'Content-Type': 'application/octet-stream'
    'Accept': 'application/xml'
    'User-Agent': 'azsdk-python-storage-blob/12.28.0 Python/3.14.4 (macOS-26.5-arm64-arm-64bit-Mach-O)'
    'x-ms-date': 'REDACTED'
    'x-ms-client-request-id': '27c0d304-56ba-11f1-a9e9-2e3bd8daa033'
    'Authorization': 'REDACTED'
A body is sent with the request
2026-05-23 11:14:56,072 DEBUG urllib3.connectionpool https://stasiprod1eus2.blob.core.windows.net:443 "PUT /healthcare/bronze/sdud/year%3D2020/data.csv.gz?comp=block&blockid=TURBd01EQXdNREF3TURBd01EQXdNREF3TURBd01EQXdNakE1TnpFMU1qQSUzRA%3D%3D HTTP/1.1" 201 0
2026-05-23 11:14:56,072 INFO  azure.core.pipeline.policies.http_logging_policy Response status: 201
Response headers:
    'Content-Length': '0'
    'Server': 'Windows-Azure-Blob/1.0 Microsoft-HTTPAPI/2.0'
    'x-ms-request-id': '7418bd6f-301e-001c-17c6-ea3ea1000000'
    'x-ms-client-request-id': '27c0d304-56ba-11f1-a9e9-2e3bd8daa033'
    'x-ms-version': 'REDACTED'
    'x-ms-content-crc64': 'REDACTED'
    'x-ms-request-server-encrypted': 'REDACTED'
    'Date': 'Sat, 23 May 2026 15:14:55 GMT'
2026-05-23 11:14:56,074 INFO  azure.core.pipeline.policies.http_logging_policy Request URL: 'https://stasiprod1eus2.blob.core.windows.net/healthcare/bronze/sdud/year%3D2020/data.csv.gz?comp=REDACTED&blockid=REDACTED'
Request method: 'PUT'
Request headers:
    'Content-Length': '4194304'
    'x-ms-version': 'REDACTED'
    'Content-Type': 'application/octet-stream'
    'Accept': 'application/xml'
    'User-Agent': 'azsdk-python-storage-blob/12.28.0 Python/3.14.4 (macOS-26.5-arm64-arm-64bit-Mach-O)'
    'x-ms-date': 'REDACTED'
    'x-ms-client-request-id': '28087ca4-56ba-11f1-a9e9-2e3bd8daa033'
    'Authorization': 'REDACTED'
A body is sent with the request
2026-05-23 11:14:56,561 DEBUG urllib3.connectionpool https://stasiprod1eus2.blob.core.windows.net:443 "PUT /healthcare/bronze/sdud/year%3D2020/data.csv.gz?comp=block&blockid=TURBd01EQXdNREF3TURBd01EQXdNREF3TURBd01EQXdNalV4TmpVNE1qUSUzRA%3D%3D HTTP/1.1" 201 0
2026-05-23 11:14:56,562 INFO  azure.core.pipeline.policies.http_logging_policy Response status: 201
Response headers:
    'Content-Length': '0'
    'Server': 'Windows-Azure-Blob/1.0 Microsoft-HTTPAPI/2.0'
    'x-ms-request-id': '7418bf1b-301e-001c-7dc6-ea3ea1000000'
    'x-ms-client-request-id': '28087ca4-56ba-11f1-a9e9-2e3bd8daa033'
    'x-ms-version': 'REDACTED'
    'x-ms-content-crc64': 'REDACTED'
    'x-ms-request-server-encrypted': 'REDACTED'
    'Date': 'Sat, 23 May 2026 15:14:55 GMT'
2026-05-23 11:14:56,564 INFO  azure.core.pipeline.policies.http_logging_policy Request URL: 'https://stasiprod1eus2.blob.core.windows.net/healthcare/bronze/sdud/year%3D2020/data.csv.gz?comp=REDACTED&blockid=REDACTED'
Request method: 'PUT'
Request headers:
    'Content-Length': '4194304'
    'x-ms-version': 'REDACTED'
    'Content-Type': 'application/octet-stream'
    'Accept': 'application/xml'
    'User-Agent': 'azsdk-python-storage-blob/12.28.0 Python/3.14.4 (macOS-26.5-arm64-arm-64bit-Mach-O)'
    'x-ms-date': 'REDACTED'
    'x-ms-client-request-id': '285328a8-56ba-11f1-a9e9-2e3bd8daa033'
    'Authorization': 'REDACTED'
A body is sent with the request
2026-05-23 11:14:57,123 DEBUG urllib3.connectionpool https://stasiprod1eus2.blob.core.windows.net:443 "PUT /healthcare/bronze/sdud/year%3D2020/data.csv.gz?comp=block&blockid=TURBd01EQXdNREF3TURBd01EQXdNREF3TURBd01EQXdNamt6TmpBeE1qZyUzRA%3D%3D HTTP/1.1" 201 0
2026-05-23 11:14:57,123 INFO  azure.core.pipeline.policies.http_logging_policy Response status: 201
Response headers:
    'Content-Length': '0'
    'Server': 'Windows-Azure-Blob/1.0 Microsoft-HTTPAPI/2.0'
    'x-ms-request-id': '7418c0d5-301e-001c-68c6-ea3ea1000000'
    'x-ms-client-request-id': '285328a8-56ba-11f1-a9e9-2e3bd8daa033'
    'x-ms-version': 'REDACTED'
    'x-ms-content-crc64': 'REDACTED'
    'x-ms-request-server-encrypted': 'REDACTED'
    'Date': 'Sat, 23 May 2026 15:14:56 GMT'
2026-05-23 11:14:57,124 INFO  azure.core.pipeline.policies.http_logging_policy Request URL: 'https://stasiprod1eus2.blob.core.windows.net/healthcare/bronze/sdud/year%3D2020/data.csv.gz?comp=REDACTED&blockid=REDACTED'
Request method: 'PUT'
Request headers:
    'Content-Length': '4194304'
    'x-ms-version': 'REDACTED'
    'Content-Type': 'application/octet-stream'
    'Accept': 'application/xml'
    'User-Agent': 'azsdk-python-storage-blob/12.28.0 Python/3.14.4 (macOS-26.5-arm64-arm-64bit-Mach-O)'
    'x-ms-date': 'REDACTED'
    'x-ms-client-request-id': '28a8aca6-56ba-11f1-a9e9-2e3bd8daa033'
    'Authorization': 'REDACTED'
A body is sent with the request
2026-05-23 11:14:57,585 DEBUG urllib3.connectionpool https://stasiprod1eus2.blob.core.windows.net:443 "PUT /healthcare/bronze/sdud/year%3D2020/data.csv.gz?comp=block&blockid=TURBd01EQXdNREF3TURBd01EQXdNREF3TURBd01EQXdNek0xTlRRME16SSUzRA%3D%3D HTTP/1.1" 201 0
2026-05-23 11:14:57,585 INFO  azure.core.pipeline.policies.http_logging_policy Response status: 201
Response headers:
    'Content-Length': '0'
    'Server': 'Windows-Azure-Blob/1.0 Microsoft-HTTPAPI/2.0'
    'x-ms-request-id': '7418c354-301e-001c-78c6-ea3ea1000000'
    'x-ms-client-request-id': '28a8aca6-56ba-11f1-a9e9-2e3bd8daa033'
    'x-ms-version': 'REDACTED'
    'x-ms-content-crc64': 'REDACTED'
    'x-ms-request-server-encrypted': 'REDACTED'
    'Date': 'Sat, 23 May 2026 15:14:56 GMT'
2026-05-23 11:14:57,587 INFO  azure.core.pipeline.policies.http_logging_policy Request URL: 'https://stasiprod1eus2.blob.core.windows.net/healthcare/bronze/sdud/year%3D2020/data.csv.gz?comp=REDACTED&blockid=REDACTED'
Request method: 'PUT'
Request headers:
    'Content-Length': '4194304'
    'x-ms-version': 'REDACTED'
    'Content-Type': 'application/octet-stream'
    'Accept': 'application/xml'
    'User-Agent': 'azsdk-python-storage-blob/12.28.0 Python/3.14.4 (macOS-26.5-arm64-arm-64bit-Mach-O)'
    'x-ms-date': 'REDACTED'
    'x-ms-client-request-id': '28ef46de-56ba-11f1-a9e9-2e3bd8daa033'
    'Authorization': 'REDACTED'
A body is sent with the request
2026-05-23 11:14:58,101 DEBUG urllib3.connectionpool https://stasiprod1eus2.blob.core.windows.net:443 "PUT /healthcare/bronze/sdud/year%3D2020/data.csv.gz?comp=block&blockid=TURBd01EQXdNREF3TURBd01EQXdNREF3TURBd01EQXdNemMzTkRnM016WSUzRA%3D%3D HTTP/1.1" 201 0
2026-05-23 11:14:58,102 INFO  azure.core.pipeline.policies.http_logging_policy Response status: 201
Response headers:
    'Content-Length': '0'
    'Server': 'Windows-Azure-Blob/1.0 Microsoft-HTTPAPI/2.0'
    'x-ms-request-id': '7418c50e-301e-001c-77c6-ea3ea1000000'
    'x-ms-client-request-id': '28ef46de-56ba-11f1-a9e9-2e3bd8daa033'
    'x-ms-version': 'REDACTED'
    'x-ms-content-crc64': 'REDACTED'
    'x-ms-request-server-encrypted': 'REDACTED'
    'Date': 'Sat, 23 May 2026 15:14:57 GMT'
2026-05-23 11:14:58,104 INFO  azure.core.pipeline.policies.http_logging_policy Request URL: 'https://stasiprod1eus2.blob.core.windows.net/healthcare/bronze/sdud/year%3D2020/data.csv.gz?comp=REDACTED&blockid=REDACTED'
Request method: 'PUT'
Request headers:
    'Content-Length': '4194304'
    'x-ms-version': 'REDACTED'
    'Content-Type': 'application/octet-stream'
    'Accept': 'application/xml'
    'User-Agent': 'azsdk-python-storage-blob/12.28.0 Python/3.14.4 (macOS-26.5-arm64-arm-64bit-Mach-O)'
    'x-ms-date': 'REDACTED'
    'x-ms-client-request-id': '293e2092-56ba-11f1-a9e9-2e3bd8daa033'
    'Authorization': 'REDACTED'
A body is sent with the request
2026-05-23 11:14:58,599 DEBUG urllib3.connectionpool https://stasiprod1eus2.blob.core.windows.net:443 "PUT /healthcare/bronze/sdud/year%3D2020/data.csv.gz?comp=block&blockid=TURBd01EQXdNREF3TURBd01EQXdNREF3TURBd01EQXdOREU1TkRNd05EQSUzRA%3D%3D HTTP/1.1" 201 0
2026-05-23 11:14:58,599 INFO  azure.core.pipeline.policies.http_logging_policy Response status: 201
Response headers:
    'Content-Length': '0'
    'Server': 'Windows-Azure-Blob/1.0 Microsoft-HTTPAPI/2.0'
    'x-ms-request-id': '7418c703-301e-001c-17c6-ea3ea1000000'
    'x-ms-client-request-id': '293e2092-56ba-11f1-a9e9-2e3bd8daa033'
    'x-ms-version': 'REDACTED'
    'x-ms-content-crc64': 'REDACTED'
    'x-ms-request-server-encrypted': 'REDACTED'
    'Date': 'Sat, 23 May 2026 15:14:58 GMT'
2026-05-23 11:14:58,602 INFO  azure.core.pipeline.policies.http_logging_policy Request URL: 'https://stasiprod1eus2.blob.core.windows.net/healthcare/bronze/sdud/year%3D2020/data.csv.gz?comp=REDACTED&blockid=REDACTED'
Request method: 'PUT'
Request headers:
    'Content-Length': '4194304'
    'x-ms-version': 'REDACTED'
    'Content-Type': 'application/octet-stream'
    'Accept': 'application/xml'
    'User-Agent': 'azsdk-python-storage-blob/12.28.0 Python/3.14.4 (macOS-26.5-arm64-arm-64bit-Mach-O)'
    'x-ms-date': 'REDACTED'
    'x-ms-client-request-id': '298a1f88-56ba-11f1-a9e9-2e3bd8daa033'
    'Authorization': 'REDACTED'
A body is sent with the request
2026-05-23 11:14:59,174 DEBUG urllib3.connectionpool https://stasiprod1eus2.blob.core.windows.net:443 "PUT /healthcare/bronze/sdud/year%3D2020/data.csv.gz?comp=block&blockid=TURBd01EQXdNREF3TURBd01EQXdNREF3TURBd01EQXdORFl4TXpjek5EUSUzRA%3D%3D HTTP/1.1" 201 0
2026-05-23 11:14:59,175 INFO  azure.core.pipeline.policies.http_logging_policy Response status: 201
Response headers:
    'Content-Length': '0'
    'Server': 'Windows-Azure-Blob/1.0 Microsoft-HTTPAPI/2.0'
    'x-ms-request-id': '7418c8dd-301e-001c-2bc6-ea3ea1000000'
    'x-ms-client-request-id': '298a1f88-56ba-11f1-a9e9-2e3bd8daa033'
    'x-ms-version': 'REDACTED'
    'x-ms-content-crc64': 'REDACTED'
    'x-ms-request-server-encrypted': 'REDACTED'
    'Date': 'Sat, 23 May 2026 15:14:58 GMT'
2026-05-23 11:14:59,177 INFO  azure.core.pipeline.policies.http_logging_policy Request URL: 'https://stasiprod1eus2.blob.core.windows.net/healthcare/bronze/sdud/year%3D2020/data.csv.gz?comp=REDACTED&blockid=REDACTED'
Request method: 'PUT'
Request headers:
    'Content-Length': '4194304'
    'x-ms-version': 'REDACTED'
    'Content-Type': 'application/octet-stream'
    'Accept': 'application/xml'
    'User-Agent': 'azsdk-python-storage-blob/12.28.0 Python/3.14.4 (macOS-26.5-arm64-arm-64bit-Mach-O)'
    'x-ms-date': 'REDACTED'
    'x-ms-client-request-id': '29e1e664-56ba-11f1-a9e9-2e3bd8daa033'
    'Authorization': 'REDACTED'
A body is sent with the request
2026-05-23 11:14:59,648 DEBUG urllib3.connectionpool https://stasiprod1eus2.blob.core.windows.net:443 "PUT /healthcare/bronze/sdud/year%3D2020/data.csv.gz?comp=block&blockid=TURBd01EQXdNREF3TURBd01EQXdNREF3TURBd01EQXdOVEF6TXpFMk5EZyUzRA%3D%3D HTTP/1.1" 201 0
2026-05-23 11:14:59,648 INFO  azure.core.pipeline.policies.http_logging_policy Response status: 201
Response headers:
    'Content-Length': '0'
    'Server': 'Windows-Azure-Blob/1.0 Microsoft-HTTPAPI/2.0'
    'x-ms-request-id': '7418cb39-301e-001c-37c6-ea3ea1000000'
    'x-ms-client-request-id': '29e1e664-56ba-11f1-a9e9-2e3bd8daa033'
    'x-ms-version': 'REDACTED'
    'x-ms-content-crc64': 'REDACTED'
    'x-ms-request-server-encrypted': 'REDACTED'
    'Date': 'Sat, 23 May 2026 15:14:59 GMT'
2026-05-23 11:14:59,650 INFO  azure.core.pipeline.policies.http_logging_policy Request URL: 'https://stasiprod1eus2.blob.core.windows.net/healthcare/bronze/sdud/year%3D2020/data.csv.gz?comp=REDACTED&blockid=REDACTED'
Request method: 'PUT'
Request headers:
    'Content-Length': '4194304'
    'x-ms-version': 'REDACTED'
    'Content-Type': 'application/octet-stream'
    'Accept': 'application/xml'
    'User-Agent': 'azsdk-python-storage-blob/12.28.0 Python/3.14.4 (macOS-26.5-arm64-arm-64bit-Mach-O)'
    'x-ms-date': 'REDACTED'
    'x-ms-client-request-id': '2a2a24d8-56ba-11f1-a9e9-2e3bd8daa033'
    'Authorization': 'REDACTED'
A body is sent with the request
2026-05-23 11:15:00,092 DEBUG urllib3.connectionpool https://stasiprod1eus2.blob.core.windows.net:443 "PUT /healthcare/bronze/sdud/year%3D2020/data.csv.gz?comp=block&blockid=TURBd01EQXdNREF3TURBd01EQXdNREF3TURBd01EQXdOVFExTWpVNU5USSUzRA%3D%3D HTTP/1.1" 201 0
2026-05-23 11:15:00,093 INFO  azure.core.pipeline.policies.http_logging_policy Response status: 201
Response headers:
    'Content-Length': '0'
    'Server': 'Windows-Azure-Blob/1.0 Microsoft-HTTPAPI/2.0'
    'x-ms-request-id': '7418cd39-301e-001c-7ac6-ea3ea1000000'
    'x-ms-client-request-id': '2a2a24d8-56ba-11f1-a9e9-2e3bd8daa033'
    'x-ms-version': 'REDACTED'
    'x-ms-content-crc64': 'REDACTED'
    'x-ms-request-server-encrypted': 'REDACTED'
    'Date': 'Sat, 23 May 2026 15:14:59 GMT'
2026-05-23 11:15:00,095 INFO  azure.core.pipeline.policies.http_logging_policy Request URL: 'https://stasiprod1eus2.blob.core.windows.net/healthcare/bronze/sdud/year%3D2020/data.csv.gz?comp=REDACTED&blockid=REDACTED'
Request method: 'PUT'
Request headers:
    'Content-Length': '4194304'
    'x-ms-version': 'REDACTED'
    'Content-Type': 'application/octet-stream'
    'Accept': 'application/xml'
    'User-Agent': 'azsdk-python-storage-blob/12.28.0 Python/3.14.4 (macOS-26.5-arm64-arm-64bit-Mach-O)'
    'x-ms-date': 'REDACTED'
    'x-ms-client-request-id': '2a6df9ce-56ba-11f1-a9e9-2e3bd8daa033'
    'Authorization': 'REDACTED'
A body is sent with the request
2026-05-23 11:15:00,542 DEBUG urllib3.connectionpool https://stasiprod1eus2.blob.core.windows.net:443 "PUT /healthcare/bronze/sdud/year%3D2020/data.csv.gz?comp=block&blockid=TURBd01EQXdNREF3TURBd01EQXdNREF3TURBd01EQXdOVGczTWpBeU5UWSUzRA%3D%3D HTTP/1.1" 201 0
2026-05-23 11:15:00,542 INFO  azure.core.pipeline.policies.http_logging_policy Response status: 201
Response headers:
    'Content-Length': '0'
    'Server': 'Windows-Azure-Blob/1.0 Microsoft-HTTPAPI/2.0'
    'x-ms-request-id': '7418cef5-301e-001c-7ac6-ea3ea1000000'
    'x-ms-client-request-id': '2a6df9ce-56ba-11f1-a9e9-2e3bd8daa033'
    'x-ms-version': 'REDACTED'
    'x-ms-content-crc64': 'REDACTED'
    'x-ms-request-server-encrypted': 'REDACTED'
    'Date': 'Sat, 23 May 2026 15:14:59 GMT'
2026-05-23 11:15:00,545 INFO  azure.core.pipeline.policies.http_logging_policy Request URL: 'https://stasiprod1eus2.blob.core.windows.net/healthcare/bronze/sdud/year%3D2020/data.csv.gz?comp=REDACTED&blockid=REDACTED'
Request method: 'PUT'
Request headers:
    'Content-Length': '4194304'
    'x-ms-version': 'REDACTED'
    'Content-Type': 'application/octet-stream'
    'Accept': 'application/xml'
    'User-Agent': 'azsdk-python-storage-blob/12.28.0 Python/3.14.4 (macOS-26.5-arm64-arm-64bit-Mach-O)'
    'x-ms-date': 'REDACTED'
    'x-ms-client-request-id': '2ab29228-56ba-11f1-a9e9-2e3bd8daa033'
    'Authorization': 'REDACTED'
A body is sent with the request
2026-05-23 11:15:01,020 DEBUG urllib3.connectionpool https://stasiprod1eus2.blob.core.windows.net:443 "PUT /healthcare/bronze/sdud/year%3D2020/data.csv.gz?comp=block&blockid=TURBd01EQXdNREF3TURBd01EQXdNREF3TURBd01EQXdOakk1TVRRMU5qQSUzRA%3D%3D HTTP/1.1" 201 0
2026-05-23 11:15:01,021 INFO  azure.core.pipeline.policies.http_logging_policy Response status: 201
Response headers:
    'Content-Length': '0'
    'Server': 'Windows-Azure-Blob/1.0 Microsoft-HTTPAPI/2.0'
    'x-ms-request-id': '7418d177-301e-001c-41c6-ea3ea1000000'
    'x-ms-client-request-id': '2ab29228-56ba-11f1-a9e9-2e3bd8daa033'
    'x-ms-version': 'REDACTED'
    'x-ms-content-crc64': 'REDACTED'
    'x-ms-request-server-encrypted': 'REDACTED'
    'Date': 'Sat, 23 May 2026 15:15:00 GMT'
2026-05-23 11:15:01,023 INFO  azure.core.pipeline.policies.http_logging_policy Request URL: 'https://stasiprod1eus2.blob.core.windows.net/healthcare/bronze/sdud/year%3D2020/data.csv.gz?comp=REDACTED&blockid=REDACTED'
Request method: 'PUT'
Request headers:
    'Content-Length': '4194304'
    'x-ms-version': 'REDACTED'
    'Content-Type': 'application/octet-stream'
    'Accept': 'application/xml'
    'User-Agent': 'azsdk-python-storage-blob/12.28.0 Python/3.14.4 (macOS-26.5-arm64-arm-64bit-Mach-O)'
    'x-ms-date': 'REDACTED'
    'x-ms-client-request-id': '2afb8ce4-56ba-11f1-a9e9-2e3bd8daa033'
    'Authorization': 'REDACTED'
A body is sent with the request
2026-05-23 11:15:01,498 DEBUG urllib3.connectionpool https://stasiprod1eus2.blob.core.windows.net:443 "PUT /healthcare/bronze/sdud/year%3D2020/data.csv.gz?comp=block&blockid=TURBd01EQXdNREF3TURBd01EQXdNREF3TURBd01EQXdOamN4TURnNE5qUSUzRA%3D%3D HTTP/1.1" 201 0
2026-05-23 11:15:01,498 INFO  azure.core.pipeline.policies.http_logging_policy Response status: 201
Response headers:
    'Content-Length': '0'
    'Server': 'Windows-Azure-Blob/1.0 Microsoft-HTTPAPI/2.0'
    'x-ms-request-id': '7418d38b-301e-001c-72c6-ea3ea1000000'
    'x-ms-client-request-id': '2afb8ce4-56ba-11f1-a9e9-2e3bd8daa033'
    'x-ms-version': 'REDACTED'
    'x-ms-content-crc64': 'REDACTED'
    'x-ms-request-server-encrypted': 'REDACTED'
    'Date': 'Sat, 23 May 2026 15:15:00 GMT'
2026-05-23 11:15:01,501 INFO  azure.core.pipeline.policies.http_logging_policy Request URL: 'https://stasiprod1eus2.blob.core.windows.net/healthcare/bronze/sdud/year%3D2020/data.csv.gz?comp=REDACTED&blockid=REDACTED'
Request method: 'PUT'
Request headers:
    'Content-Length': '4194304'
    'x-ms-version': 'REDACTED'
    'Content-Type': 'application/octet-stream'
    'Accept': 'application/xml'
    'User-Agent': 'azsdk-python-storage-blob/12.28.0 Python/3.14.4 (macOS-26.5-arm64-arm-64bit-Mach-O)'
    'x-ms-date': 'REDACTED'
    'x-ms-client-request-id': '2b4490ba-56ba-11f1-a9e9-2e3bd8daa033'
    'Authorization': 'REDACTED'
A body is sent with the request
2026-05-23 11:15:01,965 DEBUG urllib3.connectionpool https://stasiprod1eus2.blob.core.windows.net:443 "PUT /healthcare/bronze/sdud/year%3D2020/data.csv.gz?comp=block&blockid=TURBd01EQXdNREF3TURBd01EQXdNREF3TURBd01EQXdOekV6TURNeE5qZyUzRA%3D%3D HTTP/1.1" 201 0
2026-05-23 11:15:01,966 INFO  azure.core.pipeline.policies.http_logging_policy Response status: 201
Response headers:
    'Content-Length': '0'
    'Server': 'Windows-Azure-Blob/1.0 Microsoft-HTTPAPI/2.0'
    'x-ms-request-id': '7418d630-301e-001c-59c6-ea3ea1000000'
    'x-ms-client-request-id': '2b4490ba-56ba-11f1-a9e9-2e3bd8daa033'
    'x-ms-version': 'REDACTED'
    'x-ms-content-crc64': 'REDACTED'
    'x-ms-request-server-encrypted': 'REDACTED'
    'Date': 'Sat, 23 May 2026 15:15:01 GMT'
2026-05-23 11:15:01,968 INFO  azure.core.pipeline.policies.http_logging_policy Request URL: 'https://stasiprod1eus2.blob.core.windows.net/healthcare/bronze/sdud/year%3D2020/data.csv.gz?comp=REDACTED&blockid=REDACTED'
Request method: 'PUT'
Request headers:
    'Content-Length': '4194304'
    'x-ms-version': 'REDACTED'
    'Content-Type': 'application/octet-stream'
    'Accept': 'application/xml'
    'User-Agent': 'azsdk-python-storage-blob/12.28.0 Python/3.14.4 (macOS-26.5-arm64-arm-64bit-Mach-O)'
    'x-ms-date': 'REDACTED'
    'x-ms-client-request-id': '2b8bcda4-56ba-11f1-a9e9-2e3bd8daa033'
    'Authorization': 'REDACTED'
A body is sent with the request
2026-05-23 11:15:02,501 DEBUG urllib3.connectionpool https://stasiprod1eus2.blob.core.windows.net:443 "PUT /healthcare/bronze/sdud/year%3D2020/data.csv.gz?comp=block&blockid=TURBd01EQXdNREF3TURBd01EQXdNREF3TURBd01EQXdOelUwT1RjME56SSUzRA%3D%3D HTTP/1.1" 201 0
2026-05-23 11:15:02,501 INFO  azure.core.pipeline.policies.http_logging_policy Response status: 201
Response headers:
    'Content-Length': '0'
    'Server': 'Windows-Azure-Blob/1.0 Microsoft-HTTPAPI/2.0'
    'x-ms-request-id': '7418d885-301e-001c-08c6-ea3ea1000000'
    'x-ms-client-request-id': '2b8bcda4-56ba-11f1-a9e9-2e3bd8daa033'
    'x-ms-version': 'REDACTED'
    'x-ms-content-crc64': 'REDACTED'
    'x-ms-request-server-encrypted': 'REDACTED'
    'Date': 'Sat, 23 May 2026 15:15:01 GMT'
2026-05-23 11:15:02,503 INFO  azure.core.pipeline.policies.http_logging_policy Request URL: 'https://stasiprod1eus2.blob.core.windows.net/healthcare/bronze/sdud/year%3D2020/data.csv.gz?comp=REDACTED&blockid=REDACTED'
Request method: 'PUT'
Request headers:
    'Content-Length': '4194304'
    'x-ms-version': 'REDACTED'
    'Content-Type': 'application/octet-stream'
    'Accept': 'application/xml'
    'User-Agent': 'azsdk-python-storage-blob/12.28.0 Python/3.14.4 (macOS-26.5-arm64-arm-64bit-Mach-O)'
    'x-ms-date': 'REDACTED'
    'x-ms-client-request-id': '2bdd6d12-56ba-11f1-a9e9-2e3bd8daa033'
    'Authorization': 'REDACTED'
A body is sent with the request
2026-05-23 11:15:03,143 DEBUG urllib3.connectionpool https://stasiprod1eus2.blob.core.windows.net:443 "PUT /healthcare/bronze/sdud/year%3D2020/data.csv.gz?comp=block&blockid=TURBd01EQXdNREF3TURBd01EQXdNREF3TURBd01EQXdOemsyT1RFM056WSUzRA%3D%3D HTTP/1.1" 201 0
2026-05-23 11:15:03,143 INFO  azure.core.pipeline.policies.http_logging_policy Response status: 201
Response headers:
    'Content-Length': '0'
    'Server': 'Windows-Azure-Blob/1.0 Microsoft-HTTPAPI/2.0'
    'x-ms-request-id': '7418dbb2-301e-001c-36c6-ea3ea1000000'
    'x-ms-client-request-id': '2bdd6d12-56ba-11f1-a9e9-2e3bd8daa033'
    'x-ms-version': 'REDACTED'
    'x-ms-content-crc64': 'REDACTED'
    'x-ms-request-server-encrypted': 'REDACTED'
    'Date': 'Sat, 23 May 2026 15:15:02 GMT'
2026-05-23 11:15:03,145 INFO  azure.core.pipeline.policies.http_logging_policy Request URL: 'https://stasiprod1eus2.blob.core.windows.net/healthcare/bronze/sdud/year%3D2020/data.csv.gz?comp=REDACTED&blockid=REDACTED'
Request method: 'PUT'
Request headers:
    'Content-Length': '4194304'
    'x-ms-version': 'REDACTED'
    'Content-Type': 'application/octet-stream'
    'Accept': 'application/xml'
    'User-Agent': 'azsdk-python-storage-blob/12.28.0 Python/3.14.4 (macOS-26.5-arm64-arm-64bit-Mach-O)'
    'x-ms-date': 'REDACTED'
    'x-ms-client-request-id': '2c3f5036-56ba-11f1-a9e9-2e3bd8daa033'
    'Authorization': 'REDACTED'
A body is sent with the request
2026-05-23 11:15:03,654 DEBUG urllib3.connectionpool https://stasiprod1eus2.blob.core.windows.net:443 "PUT /healthcare/bronze/sdud/year%3D2020/data.csv.gz?comp=block&blockid=TURBd01EQXdNREF3TURBd01EQXdNREF3TURBd01EQXdPRE00T0RZd09EQSUzRA%3D%3D HTTP/1.1" 201 0
2026-05-23 11:15:03,655 INFO  azure.core.pipeline.policies.http_logging_policy Response status: 201
Response headers:
    'Content-Length': '0'
    'Server': 'Windows-Azure-Blob/1.0 Microsoft-HTTPAPI/2.0'
    'x-ms-request-id': '7418df86-301e-001c-7cc6-ea3ea1000000'
    'x-ms-client-request-id': '2c3f5036-56ba-11f1-a9e9-2e3bd8daa033'
    'x-ms-version': 'REDACTED'
    'x-ms-content-crc64': 'REDACTED'
    'x-ms-request-server-encrypted': 'REDACTED'
    'Date': 'Sat, 23 May 2026 15:15:03 GMT'
2026-05-23 11:15:03,656 INFO  azure.core.pipeline.policies.http_logging_policy Request URL: 'https://stasiprod1eus2.blob.core.windows.net/healthcare/bronze/sdud/year%3D2020/data.csv.gz?comp=REDACTED&blockid=REDACTED'
Request method: 'PUT'
Request headers:
    'Content-Length': '3856340'
    'x-ms-version': 'REDACTED'
    'Content-Type': 'application/octet-stream'
    'Accept': 'application/xml'
    'User-Agent': 'azsdk-python-storage-blob/12.28.0 Python/3.14.4 (macOS-26.5-arm64-arm-64bit-Mach-O)'
    'x-ms-date': 'REDACTED'
    'x-ms-client-request-id': '2c8d6a64-56ba-11f1-a9e9-2e3bd8daa033'
    'Authorization': 'REDACTED'
A body is sent with the request
2026-05-23 11:15:04,061 DEBUG urllib3.connectionpool https://stasiprod1eus2.blob.core.windows.net:443 "PUT /healthcare/bronze/sdud/year%3D2020/data.csv.gz?comp=block&blockid=TURBd01EQXdNREF3TURBd01EQXdNREF3TURBd01EQXdPRGd3T0RBek9EUSUzRA%3D%3D HTTP/1.1" 201 0
2026-05-23 11:15:04,062 INFO  azure.core.pipeline.policies.http_logging_policy Response status: 201
Response headers:
    'Content-Length': '0'
    'Server': 'Windows-Azure-Blob/1.0 Microsoft-HTTPAPI/2.0'
    'x-ms-request-id': '7418e21c-301e-001c-24c6-ea3ea1000000'
    'x-ms-client-request-id': '2c8d6a64-56ba-11f1-a9e9-2e3bd8daa033'
    'x-ms-version': 'REDACTED'
    'x-ms-content-crc64': 'REDACTED'
    'x-ms-request-server-encrypted': 'REDACTED'
    'Date': 'Sat, 23 May 2026 15:15:03 GMT'
2026-05-23 11:15:04,063 INFO  azure.core.pipeline.policies.http_logging_policy Request URL: 'https://stasiprod1eus2.blob.core.windows.net/healthcare/bronze/sdud/year%3D2020/data.csv.gz?comp=REDACTED'
Request method: 'PUT'
Request headers:
    'Content-Length': '1844'
    'x-ms-version': 'REDACTED'
    'Content-Type': 'application/xml'
    'Accept': 'application/xml'
    'User-Agent': 'azsdk-python-storage-blob/12.28.0 Python/3.14.4 (macOS-26.5-arm64-arm-64bit-Mach-O)'
    'x-ms-date': 'REDACTED'
    'x-ms-client-request-id': '2ccb7278-56ba-11f1-a9e9-2e3bd8daa033'
    'Authorization': 'REDACTED'
A body is sent with the request
2026-05-23 11:15:04,108 DEBUG urllib3.connectionpool https://stasiprod1eus2.blob.core.windows.net:443 "PUT /healthcare/bronze/sdud/year%3D2020/data.csv.gz?comp=blocklist HTTP/1.1" 201 0
2026-05-23 11:15:04,109 INFO  azure.core.pipeline.policies.http_logging_policy Response status: 201
Response headers:
    'Content-Length': '0'
    'Last-Modified': 'Sat, 23 May 2026 15:15:04 GMT'
    'ETag': '"0x8DEB8DE1106EE40"'
    'Server': 'Windows-Azure-Blob/1.0 Microsoft-HTTPAPI/2.0'
    'x-ms-request-id': '7418e44d-301e-001c-77c6-ea3ea1000000'
    'x-ms-client-request-id': '2ccb7278-56ba-11f1-a9e9-2e3bd8daa033'
    'x-ms-version': 'REDACTED'
    'x-ms-content-crc64': 'REDACTED'
    'x-ms-request-server-encrypted': 'REDACTED'
    'Date': 'Sat, 23 May 2026 15:15:03 GMT'
2026-05-23 11:15:04,109 INFO  sdud_pull uploaded /tmp/sdud-stage/year=2020/data.csv.gz → az://stasiprod1eus2/healthcare/bronze/sdud/year=2020/data.csv.gz
2026-05-23 11:15:04,111 DEBUG urllib3.connectionpool Starting new HTTPS connection (1): data.medicaid.gov:443
2026-05-23 11:15:04,165 DEBUG urllib3.connectionpool https://data.medicaid.gov:443 "GET /api/1/metastore/schemas/dataset/items?limit=50&offset=0 HTTP/1.1" 200 72892
2026-05-23 11:15:04,192 INFO  sdud_pull GET https://download.medicaid.gov/data/sdud-2021-updated.csv
2026-05-23 11:15:04,193 DEBUG urllib3.connectionpool Starting new HTTPS connection (1): download.medicaid.gov:443
2026-05-23 11:15:04,362 DEBUG urllib3.connectionpool https://download.medicaid.gov:443 "GET /data/sdud-2021-updated.csv HTTP/1.1" 200 483801190
2026-05-23 11:15:14,843 INFO  sdud_pull year=2021 rows=5057639 in=483.8MB out=94.9MB dest=/tmp/sdud-stage/year=2021/data.csv.gz
2026-05-23 11:15:14,846 INFO  azure.core.pipeline.policies.http_logging_policy Request URL: 'https://stasiprod1eus2.blob.core.windows.net/healthcare/bronze/sdud/year%3D2021/data.csv.gz?comp=REDACTED&blockid=REDACTED'
Request method: 'PUT'
Request headers:
    'Content-Length': '4194304'
    'x-ms-version': 'REDACTED'
    'Content-Type': 'application/octet-stream'
    'Accept': 'application/xml'
    'User-Agent': 'azsdk-python-storage-blob/12.28.0 Python/3.14.4 (macOS-26.5-arm64-arm-64bit-Mach-O)'
    'x-ms-date': 'REDACTED'
    'x-ms-client-request-id': '3338d222-56ba-11f1-a9e9-2e3bd8daa033'
    'Authorization': 'REDACTED'
A body is sent with the request
2026-05-23 11:15:14,847 DEBUG urllib3.connectionpool Starting new HTTPS connection (1): stasiprod1eus2.blob.core.windows.net:443
2026-05-23 11:15:15,287 DEBUG urllib3.connectionpool https://stasiprod1eus2.blob.core.windows.net:443 "PUT /healthcare/bronze/sdud/year%3D2021/data.csv.gz?comp=block&blockid=TURBd01EQXdNREF3TURBd01EQXdNREF3TURBd01EQXdNREF3TURBd01EQSUzRA%3D%3D HTTP/1.1" 201 0
2026-05-23 11:15:15,287 INFO  azure.core.pipeline.policies.http_logging_policy Response status: 201
Response headers:
    'Content-Length': '0'
    'Server': 'Windows-Azure-Blob/1.0 Microsoft-HTTPAPI/2.0'
    'x-ms-request-id': '2875198e-701e-0050-34c6-eaae91000000'
    'x-ms-client-request-id': '3338d222-56ba-11f1-a9e9-2e3bd8daa033'
    'x-ms-version': 'REDACTED'
    'x-ms-content-crc64': 'REDACTED'
    'x-ms-request-server-encrypted': 'REDACTED'
    'Date': 'Sat, 23 May 2026 15:15:15 GMT'
2026-05-23 11:15:15,291 INFO  azure.core.pipeline.policies.http_logging_policy Request URL: 'https://stasiprod1eus2.blob.core.windows.net/healthcare/bronze/sdud/year%3D2021/data.csv.gz?comp=REDACTED&blockid=REDACTED'
Request method: 'PUT'
Request headers:
    'Content-Length': '4194304'
    'x-ms-version': 'REDACTED'
    'Content-Type': 'application/octet-stream'
    'Accept': 'application/xml'
    'User-Agent': 'azsdk-python-storage-blob/12.28.0 Python/3.14.4 (macOS-26.5-arm64-arm-64bit-Mach-O)'
    'x-ms-date': 'REDACTED'
    'x-ms-client-request-id': '337cb41a-56ba-11f1-a9e9-2e3bd8daa033'
    'Authorization': 'REDACTED'
A body is sent with the request
2026-05-23 11:15:15,767 DEBUG urllib3.connectionpool https://stasiprod1eus2.blob.core.windows.net:443 "PUT /healthcare/bronze/sdud/year%3D2021/data.csv.gz?comp=block&blockid=TURBd01EQXdNREF3TURBd01EQXdNREF3TURBd01EQXdNRFF4T1RRek1EUSUzRA%3D%3D HTTP/1.1" 201 0
2026-05-23 11:15:15,767 INFO  azure.core.pipeline.policies.http_logging_policy Response status: 201
Response headers:
    'Content-Length': '0'
    'Server': 'Windows-Azure-Blob/1.0 Microsoft-HTTPAPI/2.0'
    'x-ms-request-id': '28751add-701e-0050-3bc6-eaae91000000'
    'x-ms-client-request-id': '337cb41a-56ba-11f1-a9e9-2e3bd8daa033'
    'x-ms-version': 'REDACTED'
    'x-ms-content-crc64': 'REDACTED'
    'x-ms-request-server-encrypted': 'REDACTED'
    'Date': 'Sat, 23 May 2026 15:15:15 GMT'
2026-05-23 11:15:15,769 INFO  azure.core.pipeline.policies.http_logging_policy Request URL: 'https://stasiprod1eus2.blob.core.windows.net/healthcare/bronze/sdud/year%3D2021/data.csv.gz?comp=REDACTED&blockid=REDACTED'
Request method: 'PUT'
Request headers:
    'Content-Length': '4194304'
    'x-ms-version': 'REDACTED'
    'Content-Type': 'application/octet-stream'
    'Accept': 'application/xml'
    'User-Agent': 'azsdk-python-storage-blob/12.28.0 Python/3.14.4 (macOS-26.5-arm64-arm-64bit-Mach-O)'
    'x-ms-date': 'REDACTED'
    'x-ms-client-request-id': '33c5b354-56ba-11f1-a9e9-2e3bd8daa033'
    'Authorization': 'REDACTED'
A body is sent with the request
2026-05-23 11:15:16,241 DEBUG urllib3.connectionpool https://stasiprod1eus2.blob.core.windows.net:443 "PUT /healthcare/bronze/sdud/year%3D2021/data.csv.gz?comp=block&blockid=TURBd01EQXdNREF3TURBd01EQXdNREF3TURBd01EQXdNRGd6T0RnMk1EZyUzRA%3D%3D HTTP/1.1" 201 0
2026-05-23 11:15:16,242 INFO  azure.core.pipeline.policies.http_logging_policy Response status: 201
Response headers:
    'Content-Length': '0'
    'Server': 'Windows-Azure-Blob/1.0 Microsoft-HTTPAPI/2.0'
    'x-ms-request-id': '28751c83-701e-0050-1ec6-eaae91000000'
    'x-ms-client-request-id': '33c5b354-56ba-11f1-a9e9-2e3bd8daa033'
    'x-ms-version': 'REDACTED'
    'x-ms-content-crc64': 'REDACTED'
    'x-ms-request-server-encrypted': 'REDACTED'
    'Date': 'Sat, 23 May 2026 15:15:16 GMT'
2026-05-23 11:15:16,243 INFO  azure.core.pipeline.policies.http_logging_policy Request URL: 'https://stasiprod1eus2.blob.core.windows.net/healthcare/bronze/sdud/year%3D2021/data.csv.gz?comp=REDACTED&blockid=REDACTED'
Request method: 'PUT'
Request headers:
    'Content-Length': '4194304'
    'x-ms-version': 'REDACTED'
    'Content-Type': 'application/octet-stream'
    'Accept': 'application/xml'
    'User-Agent': 'azsdk-python-storage-blob/12.28.0 Python/3.14.4 (macOS-26.5-arm64-arm-64bit-Mach-O)'
    'x-ms-date': 'REDACTED'
    'x-ms-client-request-id': '340e0adc-56ba-11f1-a9e9-2e3bd8daa033'
    'Authorization': 'REDACTED'
A body is sent with the request
2026-05-23 11:15:16,979 DEBUG urllib3.connectionpool https://stasiprod1eus2.blob.core.windows.net:443 "PUT /healthcare/bronze/sdud/year%3D2021/data.csv.gz?comp=block&blockid=TURBd01EQXdNREF3TURBd01EQXdNREF3TURBd01EQXdNVEkxT0RJNU1USSUzRA%3D%3D HTTP/1.1" 201 0
2026-05-23 11:15:16,979 INFO  azure.core.pipeline.policies.http_logging_policy Response status: 201
Response headers:
    'Content-Length': '0'
    'Server': 'Windows-Azure-Blob/1.0 Microsoft-HTTPAPI/2.0'
    'x-ms-request-id': '28751e4b-701e-0050-17c6-eaae91000000'
    'x-ms-client-request-id': '340e0adc-56ba-11f1-a9e9-2e3bd8daa033'
    'x-ms-version': 'REDACTED'
    'x-ms-content-crc64': 'REDACTED'
    'x-ms-request-server-encrypted': 'REDACTED'
    'Date': 'Sat, 23 May 2026 15:15:16 GMT'
2026-05-23 11:15:16,981 INFO  azure.core.pipeline.policies.http_logging_policy Request URL: 'https://stasiprod1eus2.blob.core.windows.net/healthcare/bronze/sdud/year%3D2021/data.csv.gz?comp=REDACTED&blockid=REDACTED'
Request method: 'PUT'
Request headers:
    'Content-Length': '4194304'
    'x-ms-version': 'REDACTED'
    'Content-Type': 'application/octet-stream'
    'Accept': 'application/xml'
    'User-Agent': 'azsdk-python-storage-blob/12.28.0 Python/3.14.4 (macOS-26.5-arm64-arm-64bit-Mach-O)'
    'x-ms-date': 'REDACTED'
    'x-ms-client-request-id': '347e93e2-56ba-11f1-a9e9-2e3bd8daa033'
    'Authorization': 'REDACTED'
A body is sent with the request
2026-05-23 11:15:17,481 DEBUG urllib3.connectionpool https://stasiprod1eus2.blob.core.windows.net:443 "PUT /healthcare/bronze/sdud/year%3D2021/data.csv.gz?comp=block&blockid=TURBd01EQXdNREF3TURBd01EQXdNREF3TURBd01EQXdNVFkzTnpjeU1UWSUzRA%3D%3D HTTP/1.1" 201 0
2026-05-23 11:15:17,481 INFO  azure.core.pipeline.policies.http_logging_policy Response status: 201
Response headers:
    'Content-Length': '0'
    'Server': 'Windows-Azure-Blob/1.0 Microsoft-HTTPAPI/2.0'
    'x-ms-request-id': '28752157-701e-0050-33c6-eaae91000000'
    'x-ms-client-request-id': '347e93e2-56ba-11f1-a9e9-2e3bd8daa033'
    'x-ms-version': 'REDACTED'
    'x-ms-content-crc64': 'REDACTED'
    'x-ms-request-server-encrypted': 'REDACTED'
    'Date': 'Sat, 23 May 2026 15:15:17 GMT'
2026-05-23 11:15:17,483 INFO  azure.core.pipeline.policies.http_logging_policy Request URL: 'https://stasiprod1eus2.blob.core.windows.net/healthcare/bronze/sdud/year%3D2021/data.csv.gz?comp=REDACTED&blockid=REDACTED'
Request method: 'PUT'
Request headers:
    'Content-Length': '4194304'
    'x-ms-version': 'REDACTED'
    'Content-Type': 'application/octet-stream'
    'Accept': 'application/xml'
    'User-Agent': 'azsdk-python-storage-blob/12.28.0 Python/3.14.4 (macOS-26.5-arm64-arm-64bit-Mach-O)'
    'x-ms-date': 'REDACTED'
    'x-ms-client-request-id': '34cb2306-56ba-11f1-a9e9-2e3bd8daa033'
    'Authorization': 'REDACTED'
A body is sent with the request
2026-05-23 11:15:17,958 DEBUG urllib3.connectionpool https://stasiprod1eus2.blob.core.windows.net:443 "PUT /healthcare/bronze/sdud/year%3D2021/data.csv.gz?comp=block&blockid=TURBd01EQXdNREF3TURBd01EQXdNREF3TURBd01EQXdNakE1TnpFMU1qQSUzRA%3D%3D HTTP/1.1" 201 0
2026-05-23 11:15:17,958 INFO  azure.core.pipeline.policies.http_logging_policy Response status: 201
Response headers:
    'Content-Length': '0'
    'Server': 'Windows-Azure-Blob/1.0 Microsoft-HTTPAPI/2.0'
    'x-ms-request-id': '28752389-701e-0050-25c6-eaae91000000'
    'x-ms-client-request-id': '34cb2306-56ba-11f1-a9e9-2e3bd8daa033'
    'x-ms-version': 'REDACTED'
    'x-ms-content-crc64': 'REDACTED'
    'x-ms-request-server-encrypted': 'REDACTED'
    'Date': 'Sat, 23 May 2026 15:15:17 GMT'
2026-05-23 11:15:17,960 INFO  azure.core.pipeline.policies.http_logging_policy Request URL: 'https://stasiprod1eus2.blob.core.windows.net/healthcare/bronze/sdud/year%3D2021/data.csv.gz?comp=REDACTED&blockid=REDACTED'
Request method: 'PUT'
Request headers:
    'Content-Length': '4194304'
    'x-ms-version': 'REDACTED'
    'Content-Type': 'application/octet-stream'
    'Accept': 'application/xml'
    'User-Agent': 'azsdk-python-storage-blob/12.28.0 Python/3.14.4 (macOS-26.5-arm64-arm-64bit-Mach-O)'
    'x-ms-date': 'REDACTED'
    'x-ms-client-request-id': '3513f5c2-56ba-11f1-a9e9-2e3bd8daa033'
    'Authorization': 'REDACTED'
A body is sent with the request
2026-05-23 11:15:18,467 DEBUG urllib3.connectionpool https://stasiprod1eus2.blob.core.windows.net:443 "PUT /healthcare/bronze/sdud/year%3D2021/data.csv.gz?comp=block&blockid=TURBd01EQXdNREF3TURBd01EQXdNREF3TURBd01EQXdNalV4TmpVNE1qUSUzRA%3D%3D HTTP/1.1" 201 0
2026-05-23 11:15:18,468 INFO  azure.core.pipeline.policies.http_logging_policy Response status: 201
Response headers:
    'Content-Length': '0'
    'Server': 'Windows-Azure-Blob/1.0 Microsoft-HTTPAPI/2.0'
    'x-ms-request-id': '287525b7-701e-0050-0fc6-eaae91000000'
    'x-ms-client-request-id': '3513f5c2-56ba-11f1-a9e9-2e3bd8daa033'
    'x-ms-version': 'REDACTED'
    'x-ms-content-crc64': 'REDACTED'
    'x-ms-request-server-encrypted': 'REDACTED'
    'Date': 'Sat, 23 May 2026 15:15:18 GMT'
2026-05-23 11:15:18,469 INFO  azure.core.pipeline.policies.http_logging_policy Request URL: 'https://stasiprod1eus2.blob.core.windows.net/healthcare/bronze/sdud/year%3D2021/data.csv.gz?comp=REDACTED&blockid=REDACTED'
Request method: 'PUT'
Request headers:
    'Content-Length': '4194304'
    'x-ms-version': 'REDACTED'
    'Content-Type': 'application/octet-stream'
    'Accept': 'application/xml'
    'User-Agent': 'azsdk-python-storage-blob/12.28.0 Python/3.14.4 (macOS-26.5-arm64-arm-64bit-Mach-O)'
    'x-ms-date': 'REDACTED'
    'x-ms-client-request-id': '3561a678-56ba-11f1-a9e9-2e3bd8daa033'
    'Authorization': 'REDACTED'
A body is sent with the request
2026-05-23 11:15:19,020 DEBUG urllib3.connectionpool https://stasiprod1eus2.blob.core.windows.net:443 "PUT /healthcare/bronze/sdud/year%3D2021/data.csv.gz?comp=block&blockid=TURBd01EQXdNREF3TURBd01EQXdNREF3TURBd01EQXdNamt6TmpBeE1qZyUzRA%3D%3D HTTP/1.1" 201 0
2026-05-23 11:15:19,020 INFO  azure.core.pipeline.policies.http_logging_policy Response status: 201
Response headers:
    'Content-Length': '0'
    'Server': 'Windows-Azure-Blob/1.0 Microsoft-HTTPAPI/2.0'
    'x-ms-request-id': '287527a0-701e-0050-36c6-eaae91000000'
    'x-ms-client-request-id': '3561a678-56ba-11f1-a9e9-2e3bd8daa033'
    'x-ms-version': 'REDACTED'
    'x-ms-content-crc64': 'REDACTED'
    'x-ms-request-server-encrypted': 'REDACTED'
    'Date': 'Sat, 23 May 2026 15:15:18 GMT'
2026-05-23 11:15:19,022 INFO  azure.core.pipeline.policies.http_logging_policy Request URL: 'https://stasiprod1eus2.blob.core.windows.net/healthcare/bronze/sdud/year%3D2021/data.csv.gz?comp=REDACTED&blockid=REDACTED'
Request method: 'PUT'
Request headers:
    'Content-Length': '4194304'
    'x-ms-version': 'REDACTED'
    'Content-Type': 'application/octet-stream'
    'Accept': 'application/xml'
    'User-Agent': 'azsdk-python-storage-blob/12.28.0 Python/3.14.4 (macOS-26.5-arm64-arm-64bit-Mach-O)'
    'x-ms-date': 'REDACTED'
    'x-ms-client-request-id': '35b60c86-56ba-11f1-a9e9-2e3bd8daa033'
    'Authorization': 'REDACTED'
A body is sent with the request
2026-05-23 11:15:19,528 DEBUG urllib3.connectionpool https://stasiprod1eus2.blob.core.windows.net:443 "PUT /healthcare/bronze/sdud/year%3D2021/data.csv.gz?comp=block&blockid=TURBd01EQXdNREF3TURBd01EQXdNREF3TURBd01EQXdNek0xTlRRME16SSUzRA%3D%3D HTTP/1.1" 201 0
2026-05-23 11:15:19,528 INFO  azure.core.pipeline.policies.http_logging_policy Response status: 201
Response headers:
    'Content-Length': '0'
    'Server': 'Windows-Azure-Blob/1.0 Microsoft-HTTPAPI/2.0'
    'x-ms-request-id': '28752993-701e-0050-66c6-eaae91000000'
    'x-ms-client-request-id': '35b60c86-56ba-11f1-a9e9-2e3bd8daa033'
    'x-ms-version': 'REDACTED'
    'x-ms-content-crc64': 'REDACTED'
    'x-ms-request-server-encrypted': 'REDACTED'
    'Date': 'Sat, 23 May 2026 15:15:19 GMT'
2026-05-23 11:15:19,530 INFO  azure.core.pipeline.policies.http_logging_policy Request URL: 'https://stasiprod1eus2.blob.core.windows.net/healthcare/bronze/sdud/year%3D2021/data.csv.gz?comp=REDACTED&blockid=REDACTED'
Request method: 'PUT'
Request headers:
    'Content-Length': '4194304'
    'x-ms-version': 'REDACTED'
    'Content-Type': 'application/octet-stream'
    'Accept': 'application/xml'
    'User-Agent': 'azsdk-python-storage-blob/12.28.0 Python/3.14.4 (macOS-26.5-arm64-arm-64bit-Mach-O)'
    'x-ms-date': 'REDACTED'
    'x-ms-client-request-id': '36037d0e-56ba-11f1-a9e9-2e3bd8daa033'
    'Authorization': 'REDACTED'
A body is sent with the request
2026-05-23 11:15:20,021 DEBUG urllib3.connectionpool https://stasiprod1eus2.blob.core.windows.net:443 "PUT /healthcare/bronze/sdud/year%3D2021/data.csv.gz?comp=block&blockid=TURBd01EQXdNREF3TURBd01EQXdNREF3TURBd01EQXdNemMzTkRnM016WSUzRA%3D%3D HTTP/1.1" 201 0
2026-05-23 11:15:20,022 INFO  azure.core.pipeline.policies.http_logging_policy Response status: 201
Response headers:
    'Content-Length': '0'
    'Server': 'Windows-Azure-Blob/1.0 Microsoft-HTTPAPI/2.0'
    'x-ms-request-id': '28752b4a-701e-0050-6ec6-eaae91000000'
    'x-ms-client-request-id': '36037d0e-56ba-11f1-a9e9-2e3bd8daa033'
    'x-ms-version': 'REDACTED'
    'x-ms-content-crc64': 'REDACTED'
    'x-ms-request-server-encrypted': 'REDACTED'
    'Date': 'Sat, 23 May 2026 15:15:19 GMT'
2026-05-23 11:15:20,023 INFO  azure.core.pipeline.policies.http_logging_policy Request URL: 'https://stasiprod1eus2.blob.core.windows.net/healthcare/bronze/sdud/year%3D2021/data.csv.gz?comp=REDACTED&blockid=REDACTED'
Request method: 'PUT'
Request headers:
    'Content-Length': '4194304'
    'x-ms-version': 'REDACTED'
    'Content-Type': 'application/octet-stream'
    'Accept': 'application/xml'
    'User-Agent': 'azsdk-python-storage-blob/12.28.0 Python/3.14.4 (macOS-26.5-arm64-arm-64bit-Mach-O)'
    'x-ms-date': 'REDACTED'
    'x-ms-client-request-id': '364ecfca-56ba-11f1-a9e9-2e3bd8daa033'
    'Authorization': 'REDACTED'
A body is sent with the request
2026-05-23 11:15:20,550 DEBUG urllib3.connectionpool https://stasiprod1eus2.blob.core.windows.net:443 "PUT /healthcare/bronze/sdud/year%3D2021/data.csv.gz?comp=block&blockid=TURBd01EQXdNREF3TURBd01EQXdNREF3TURBd01EQXdOREU1TkRNd05EQSUzRA%3D%3D HTTP/1.1" 201 0
2026-05-23 11:15:20,550 INFO  azure.core.pipeline.policies.http_logging_policy Response status: 201
Response headers:
    'Content-Length': '0'
    'Server': 'Windows-Azure-Blob/1.0 Microsoft-HTTPAPI/2.0'
    'x-ms-request-id': '28752d29-701e-0050-0dc6-eaae91000000'
    'x-ms-client-request-id': '364ecfca-56ba-11f1-a9e9-2e3bd8daa033'
    'x-ms-version': 'REDACTED'
    'x-ms-content-crc64': 'REDACTED'
    'x-ms-request-server-encrypted': 'REDACTED'
    'Date': 'Sat, 23 May 2026 15:15:20 GMT'
2026-05-23 11:15:20,552 INFO  azure.core.pipeline.policies.http_logging_policy Request URL: 'https://stasiprod1eus2.blob.core.windows.net/healthcare/bronze/sdud/year%3D2021/data.csv.gz?comp=REDACTED&blockid=REDACTED'
Request method: 'PUT'
Request headers:
    'Content-Length': '4194304'
    'x-ms-version': 'REDACTED'
    'Content-Type': 'application/octet-stream'
    'Accept': 'application/xml'
    'User-Agent': 'azsdk-python-storage-blob/12.28.0 Python/3.14.4 (macOS-26.5-arm64-arm-64bit-Mach-O)'
    'x-ms-date': 'REDACTED'
    'x-ms-client-request-id': '369f6a84-56ba-11f1-a9e9-2e3bd8daa033'
    'Authorization': 'REDACTED'
A body is sent with the request
2026-05-23 11:15:20,974 DEBUG urllib3.connectionpool https://stasiprod1eus2.blob.core.windows.net:443 "PUT /healthcare/bronze/sdud/year%3D2021/data.csv.gz?comp=block&blockid=TURBd01EQXdNREF3TURBd01EQXdNREF3TURBd01EQXdORFl4TXpjek5EUSUzRA%3D%3D HTTP/1.1" 201 0
2026-05-23 11:15:20,974 INFO  azure.core.pipeline.policies.http_logging_policy Response status: 201
Response headers:
    'Content-Length': '0'
    'Server': 'Windows-Azure-Blob/1.0 Microsoft-HTTPAPI/2.0'
    'x-ms-request-id': '28752f5a-701e-0050-66c6-eaae91000000'
    'x-ms-client-request-id': '369f6a84-56ba-11f1-a9e9-2e3bd8daa033'
    'x-ms-version': 'REDACTED'
    'x-ms-content-crc64': 'REDACTED'
    'x-ms-request-server-encrypted': 'REDACTED'
    'Date': 'Sat, 23 May 2026 15:15:20 GMT'
2026-05-23 11:15:20,977 INFO  azure.core.pipeline.policies.http_logging_policy Request URL: 'https://stasiprod1eus2.blob.core.windows.net/healthcare/bronze/sdud/year%3D2021/data.csv.gz?comp=REDACTED&blockid=REDACTED'
Request method: 'PUT'
Request headers:
    'Content-Length': '4194304'
    'x-ms-version': 'REDACTED'
    'Content-Type': 'application/octet-stream'
    'Accept': 'application/xml'
    'User-Agent': 'azsdk-python-storage-blob/12.28.0 Python/3.14.4 (macOS-26.5-arm64-arm-64bit-Mach-O)'
    'x-ms-date': 'REDACTED'
    'x-ms-client-request-id': '36e05df0-56ba-11f1-a9e9-2e3bd8daa033'
    'Authorization': 'REDACTED'
A body is sent with the request
2026-05-23 11:15:21,471 DEBUG urllib3.connectionpool https://stasiprod1eus2.blob.core.windows.net:443 "PUT /healthcare/bronze/sdud/year%3D2021/data.csv.gz?comp=block&blockid=TURBd01EQXdNREF3TURBd01EQXdNREF3TURBd01EQXdOVEF6TXpFMk5EZyUzRA%3D%3D HTTP/1.1" 201 0
2026-05-23 11:15:21,472 INFO  azure.core.pipeline.policies.http_logging_policy Response status: 201
Response headers:
    'Content-Length': '0'
    'Server': 'Windows-Azure-Blob/1.0 Microsoft-HTTPAPI/2.0'
    'x-ms-request-id': '28753106-701e-0050-58c6-eaae91000000'
    'x-ms-client-request-id': '36e05df0-56ba-11f1-a9e9-2e3bd8daa033'
    'x-ms-version': 'REDACTED'
    'x-ms-content-crc64': 'REDACTED'
    'x-ms-request-server-encrypted': 'REDACTED'
    'Date': 'Sat, 23 May 2026 15:15:21 GMT'
2026-05-23 11:15:21,475 INFO  azure.core.pipeline.policies.http_logging_policy Request URL: 'https://stasiprod1eus2.blob.core.windows.net/healthcare/bronze/sdud/year%3D2021/data.csv.gz?comp=REDACTED&blockid=REDACTED'
Request method: 'PUT'
Request headers:
    'Content-Length': '4194304'
    'x-ms-version': 'REDACTED'
    'Content-Type': 'application/octet-stream'
    'Accept': 'application/xml'
    'User-Agent': 'azsdk-python-storage-blob/12.28.0 Python/3.14.4 (macOS-26.5-arm64-arm-64bit-Mach-O)'
    'x-ms-date': 'REDACTED'
    'x-ms-client-request-id': '372c4a3a-56ba-11f1-a9e9-2e3bd8daa033'
    'Authorization': 'REDACTED'
A body is sent with the request
2026-05-23 11:15:22,043 DEBUG urllib3.connectionpool https://stasiprod1eus2.blob.core.windows.net:443 "PUT /healthcare/bronze/sdud/year%3D2021/data.csv.gz?comp=block&blockid=TURBd01EQXdNREF3TURBd01EQXdNREF3TURBd01EQXdOVFExTWpVNU5USSUzRA%3D%3D HTTP/1.1" 201 0
2026-05-23 11:15:22,044 INFO  azure.core.pipeline.policies.http_logging_policy Response status: 201
Response headers:
    'Content-Length': '0'
    'Server': 'Windows-Azure-Blob/1.0 Microsoft-HTTPAPI/2.0'
    'x-ms-request-id': '28753304-701e-0050-79c6-eaae91000000'
    'x-ms-client-request-id': '372c4a3a-56ba-11f1-a9e9-2e3bd8daa033'
    'x-ms-version': 'REDACTED'
    'x-ms-content-crc64': 'REDACTED'
    'x-ms-request-server-encrypted': 'REDACTED'
    'Date': 'Sat, 23 May 2026 15:15:21 GMT'
2026-05-23 11:15:22,048 INFO  azure.core.pipeline.policies.http_logging_policy Request URL: 'https://stasiprod1eus2.blob.core.windows.net/healthcare/bronze/sdud/year%3D2021/data.csv.gz?comp=REDACTED&blockid=REDACTED'
Request method: 'PUT'
Request headers:
    'Content-Length': '4194304'
    'x-ms-version': 'REDACTED'
    'Content-Type': 'application/octet-stream'
    'Accept': 'application/xml'
    'User-Agent': 'azsdk-python-storage-blob/12.28.0 Python/3.14.4 (macOS-26.5-arm64-arm-64bit-Mach-O)'
    'x-ms-date': 'REDACTED'
    'x-ms-client-request-id': '3783a3ca-56ba-11f1-a9e9-2e3bd8daa033'
    'Authorization': 'REDACTED'
A body is sent with the request
2026-05-23 11:15:22,534 DEBUG urllib3.connectionpool https://stasiprod1eus2.blob.core.windows.net:443 "PUT /healthcare/bronze/sdud/year%3D2021/data.csv.gz?comp=block&blockid=TURBd01EQXdNREF3TURBd01EQXdNREF3TURBd01EQXdOVGczTWpBeU5UWSUzRA%3D%3D HTTP/1.1" 201 0
2026-05-23 11:15:22,534 INFO  azure.core.pipeline.policies.http_logging_policy Response status: 201
Response headers:
    'Content-Length': '0'
    'Server': 'Windows-Azure-Blob/1.0 Microsoft-HTTPAPI/2.0'
    'x-ms-request-id': '2875352b-701e-0050-4ec6-eaae91000000'
    'x-ms-client-request-id': '3783a3ca-56ba-11f1-a9e9-2e3bd8daa033'
    'x-ms-version': 'REDACTED'
    'x-ms-content-crc64': 'REDACTED'
    'x-ms-request-server-encrypted': 'REDACTED'
    'Date': 'Sat, 23 May 2026 15:15:22 GMT'
2026-05-23 11:15:22,538 INFO  azure.core.pipeline.policies.http_logging_policy Request URL: 'https://stasiprod1eus2.blob.core.windows.net/healthcare/bronze/sdud/year%3D2021/data.csv.gz?comp=REDACTED&blockid=REDACTED'
Request method: 'PUT'
Request headers:
    'Content-Length': '4194304'
    'x-ms-version': 'REDACTED'
    'Content-Type': 'application/octet-stream'
    'Accept': 'application/xml'
    'User-Agent': 'azsdk-python-storage-blob/12.28.0 Python/3.14.4 (macOS-26.5-arm64-arm-64bit-Mach-O)'
    'x-ms-date': 'REDACTED'
    'x-ms-client-request-id': '37ce738c-56ba-11f1-a9e9-2e3bd8daa033'
    'Authorization': 'REDACTED'
A body is sent with the request
2026-05-23 11:15:22,975 DEBUG urllib3.connectionpool https://stasiprod1eus2.blob.core.windows.net:443 "PUT /healthcare/bronze/sdud/year%3D2021/data.csv.gz?comp=block&blockid=TURBd01EQXdNREF3TURBd01EQXdNREF3TURBd01EQXdOakk1TVRRMU5qQSUzRA%3D%3D HTTP/1.1" 201 0
2026-05-23 11:15:22,975 INFO  azure.core.pipeline.policies.http_logging_policy Response status: 201
Response headers:
    'Content-Length': '0'
    'Server': 'Windows-Azure-Blob/1.0 Microsoft-HTTPAPI/2.0'
    'x-ms-request-id': '28753801-701e-0050-0fc6-eaae91000000'
    'x-ms-client-request-id': '37ce738c-56ba-11f1-a9e9-2e3bd8daa033'
    'x-ms-version': 'REDACTED'
    'x-ms-content-crc64': 'REDACTED'
    'x-ms-request-server-encrypted': 'REDACTED'
    'Date': 'Sat, 23 May 2026 15:15:22 GMT'
2026-05-23 11:15:22,978 INFO  azure.core.pipeline.policies.http_logging_policy Request URL: 'https://stasiprod1eus2.blob.core.windows.net/healthcare/bronze/sdud/year%3D2021/data.csv.gz?comp=REDACTED&blockid=REDACTED'
Request method: 'PUT'
Request headers:
    'Content-Length': '4194304'
    'x-ms-version': 'REDACTED'
    'Content-Type': 'application/octet-stream'
    'Accept': 'application/xml'
    'User-Agent': 'azsdk-python-storage-blob/12.28.0 Python/3.14.4 (macOS-26.5-arm64-arm-64bit-Mach-O)'
    'x-ms-date': 'REDACTED'
    'x-ms-client-request-id': '38118eba-56ba-11f1-a9e9-2e3bd8daa033'
    'Authorization': 'REDACTED'
A body is sent with the request
2026-05-23 11:15:23,656 DEBUG urllib3.connectionpool https://stasiprod1eus2.blob.core.windows.net:443 "PUT /healthcare/bronze/sdud/year%3D2021/data.csv.gz?comp=block&blockid=TURBd01EQXdNREF3TURBd01EQXdNREF3TURBd01EQXdOamN4TURnNE5qUSUzRA%3D%3D HTTP/1.1" 201 0
2026-05-23 11:15:23,659 INFO  azure.core.pipeline.policies.http_logging_policy Response status: 201
Response headers:
    'Content-Length': '0'
    'Server': 'Windows-Azure-Blob/1.0 Microsoft-HTTPAPI/2.0'
    'x-ms-request-id': '28753964-701e-0050-40c6-eaae91000000'
    'x-ms-client-request-id': '38118eba-56ba-11f1-a9e9-2e3bd8daa033'
    'x-ms-version': 'REDACTED'
    'x-ms-content-crc64': 'REDACTED'
    'x-ms-request-server-encrypted': 'REDACTED'
    'Date': 'Sat, 23 May 2026 15:15:23 GMT'
2026-05-23 11:15:23,662 INFO  azure.core.pipeline.policies.http_logging_policy Request URL: 'https://stasiprod1eus2.blob.core.windows.net/healthcare/bronze/sdud/year%3D2021/data.csv.gz?comp=REDACTED&blockid=REDACTED'
Request method: 'PUT'
Request headers:
    'Content-Length': '4194304'
    'x-ms-version': 'REDACTED'
    'Content-Type': 'application/octet-stream'
    'Accept': 'application/xml'
    'User-Agent': 'azsdk-python-storage-blob/12.28.0 Python/3.14.4 (macOS-26.5-arm64-arm-64bit-Mach-O)'
    'x-ms-date': 'REDACTED'
    'x-ms-client-request-id': '387a0e18-56ba-11f1-a9e9-2e3bd8daa033'
    'Authorization': 'REDACTED'
A body is sent with the request
2026-05-23 11:15:24,136 DEBUG urllib3.connectionpool https://stasiprod1eus2.blob.core.windows.net:443 "PUT /healthcare/bronze/sdud/year%3D2021/data.csv.gz?comp=block&blockid=TURBd01EQXdNREF3TURBd01EQXdNREF3TURBd01EQXdOekV6TURNeE5qZyUzRA%3D%3D HTTP/1.1" 201 0
2026-05-23 11:15:24,137 INFO  azure.core.pipeline.policies.http_logging_policy Response status: 201
Response headers:
    'Content-Length': '0'
    'Server': 'Windows-Azure-Blob/1.0 Microsoft-HTTPAPI/2.0'
    'x-ms-request-id': '28753c25-701e-0050-09c6-eaae91000000'
    'x-ms-client-request-id': '387a0e18-56ba-11f1-a9e9-2e3bd8daa033'
    'x-ms-version': 'REDACTED'
    'x-ms-content-crc64': 'REDACTED'
    'x-ms-request-server-encrypted': 'REDACTED'
    'Date': 'Sat, 23 May 2026 15:15:24 GMT'
2026-05-23 11:15:24,141 INFO  azure.core.pipeline.policies.http_logging_policy Request URL: 'https://stasiprod1eus2.blob.core.windows.net/healthcare/bronze/sdud/year%3D2021/data.csv.gz?comp=REDACTED&blockid=REDACTED'
Request method: 'PUT'
Request headers:
    'Content-Length': '4194304'
    'x-ms-version': 'REDACTED'
    'Content-Type': 'application/octet-stream'
    'Accept': 'application/xml'
    'User-Agent': 'azsdk-python-storage-blob/12.28.0 Python/3.14.4 (macOS-26.5-arm64-arm-64bit-Mach-O)'
    'x-ms-date': 'REDACTED'
    'x-ms-client-request-id': '38c30faa-56ba-11f1-a9e9-2e3bd8daa033'
    'Authorization': 'REDACTED'
A body is sent with the request
2026-05-23 11:15:24,554 DEBUG urllib3.connectionpool https://stasiprod1eus2.blob.core.windows.net:443 "PUT /healthcare/bronze/sdud/year%3D2021/data.csv.gz?comp=block&blockid=TURBd01EQXdNREF3TURBd01EQXdNREF3TURBd01EQXdOelUwT1RjME56SSUzRA%3D%3D HTTP/1.1" 201 0
2026-05-23 11:15:24,554 INFO  azure.core.pipeline.policies.http_logging_policy Response status: 201
Response headers:
    'Content-Length': '0'
    'Server': 'Windows-Azure-Blob/1.0 Microsoft-HTTPAPI/2.0'
    'x-ms-request-id': '28753e4f-701e-0050-7fc6-eaae91000000'
    'x-ms-client-request-id': '38c30faa-56ba-11f1-a9e9-2e3bd8daa033'
    'x-ms-version': 'REDACTED'
    'x-ms-content-crc64': 'REDACTED'
    'x-ms-request-server-encrypted': 'REDACTED'
    'Date': 'Sat, 23 May 2026 15:15:24 GMT'
2026-05-23 11:15:24,558 INFO  azure.core.pipeline.policies.http_logging_policy Request URL: 'https://stasiprod1eus2.blob.core.windows.net/healthcare/bronze/sdud/year%3D2021/data.csv.gz?comp=REDACTED&blockid=REDACTED'
Request method: 'PUT'
Request headers:
    'Content-Length': '4194304'
    'x-ms-version': 'REDACTED'
    'Content-Type': 'application/octet-stream'
    'Accept': 'application/xml'
    'User-Agent': 'azsdk-python-storage-blob/12.28.0 Python/3.14.4 (macOS-26.5-arm64-arm-64bit-Mach-O)'
    'x-ms-date': 'REDACTED'
    'x-ms-client-request-id': '3902aa34-56ba-11f1-a9e9-2e3bd8daa033'
    'Authorization': 'REDACTED'
A body is sent with the request
2026-05-23 11:15:25,081 DEBUG urllib3.connectionpool https://stasiprod1eus2.blob.core.windows.net:443 "PUT /healthcare/bronze/sdud/year%3D2021/data.csv.gz?comp=block&blockid=TURBd01EQXdNREF3TURBd01EQXdNREF3TURBd01EQXdOemsyT1RFM056WSUzRA%3D%3D HTTP/1.1" 201 0
2026-05-23 11:15:25,081 INFO  azure.core.pipeline.policies.http_logging_policy Response status: 201
Response headers:
    'Content-Length': '0'
    'Server': 'Windows-Azure-Blob/1.0 Microsoft-HTTPAPI/2.0'
    'x-ms-request-id': '2875400d-701e-0050-11c6-eaae91000000'
    'x-ms-client-request-id': '3902aa34-56ba-11f1-a9e9-2e3bd8daa033'
    'x-ms-version': 'REDACTED'
    'x-ms-content-crc64': 'REDACTED'
    'x-ms-request-server-encrypted': 'REDACTED'
    'Date': 'Sat, 23 May 2026 15:15:24 GMT'
2026-05-23 11:15:25,085 INFO  azure.core.pipeline.policies.http_logging_policy Request URL: 'https://stasiprod1eus2.blob.core.windows.net/healthcare/bronze/sdud/year%3D2021/data.csv.gz?comp=REDACTED&blockid=REDACTED'
Request method: 'PUT'
Request headers:
    'Content-Length': '4194304'
    'x-ms-version': 'REDACTED'
    'Content-Type': 'application/octet-stream'
    'Accept': 'application/xml'
    'User-Agent': 'azsdk-python-storage-blob/12.28.0 Python/3.14.4 (macOS-26.5-arm64-arm-64bit-Mach-O)'
    'x-ms-date': 'REDACTED'
    'x-ms-client-request-id': '3953259a-56ba-11f1-a9e9-2e3bd8daa033'
    'Authorization': 'REDACTED'
A body is sent with the request
2026-05-23 11:15:25,533 DEBUG urllib3.connectionpool https://stasiprod1eus2.blob.core.windows.net:443 "PUT /healthcare/bronze/sdud/year%3D2021/data.csv.gz?comp=block&blockid=TURBd01EQXdNREF3TURBd01EQXdNREF3TURBd01EQXdPRE00T0RZd09EQSUzRA%3D%3D HTTP/1.1" 201 0
2026-05-23 11:15:25,533 INFO  azure.core.pipeline.policies.http_logging_policy Response status: 201
Response headers:
    'Content-Length': '0'
    'Server': 'Windows-Azure-Blob/1.0 Microsoft-HTTPAPI/2.0'
    'x-ms-request-id': '28754279-701e-0050-3ec6-eaae91000000'
    'x-ms-client-request-id': '3953259a-56ba-11f1-a9e9-2e3bd8daa033'
    'x-ms-version': 'REDACTED'
    'x-ms-content-crc64': 'REDACTED'
    'x-ms-request-server-encrypted': 'REDACTED'
    'Date': 'Sat, 23 May 2026 15:15:25 GMT'
2026-05-23 11:15:25,537 INFO  azure.core.pipeline.policies.http_logging_policy Request URL: 'https://stasiprod1eus2.blob.core.windows.net/healthcare/bronze/sdud/year%3D2021/data.csv.gz?comp=REDACTED&blockid=REDACTED'
Request method: 'PUT'
Request headers:
    'Content-Length': '4194304'
    'x-ms-version': 'REDACTED'
    'Content-Type': 'application/octet-stream'
    'Accept': 'application/xml'
    'User-Agent': 'azsdk-python-storage-blob/12.28.0 Python/3.14.4 (macOS-26.5-arm64-arm-64bit-Mach-O)'
    'x-ms-date': 'REDACTED'
    'x-ms-client-request-id': '399813c6-56ba-11f1-a9e9-2e3bd8daa033'
    'Authorization': 'REDACTED'
A body is sent with the request
2026-05-23 11:15:26,037 DEBUG urllib3.connectionpool https://stasiprod1eus2.blob.core.windows.net:443 "PUT /healthcare/bronze/sdud/year%3D2021/data.csv.gz?comp=block&blockid=TURBd01EQXdNREF3TURBd01EQXdNREF3TURBd01EQXdPRGd3T0RBek9EUSUzRA%3D%3D HTTP/1.1" 201 0
2026-05-23 11:15:26,038 INFO  azure.core.pipeline.policies.http_logging_policy Response status: 201
Response headers:
    'Content-Length': '0'
    'Server': 'Windows-Azure-Blob/1.0 Microsoft-HTTPAPI/2.0'
    'x-ms-request-id': '28754468-701e-0050-64c6-eaae91000000'
    'x-ms-client-request-id': '399813c6-56ba-11f1-a9e9-2e3bd8daa033'
    'x-ms-version': 'REDACTED'
    'x-ms-content-crc64': 'REDACTED'
    'x-ms-request-server-encrypted': 'REDACTED'
    'Date': 'Sat, 23 May 2026 15:15:25 GMT'
2026-05-23 11:15:26,039 INFO  azure.core.pipeline.policies.http_logging_policy Request URL: 'https://stasiprod1eus2.blob.core.windows.net/healthcare/bronze/sdud/year%3D2021/data.csv.gz?comp=REDACTED&blockid=REDACTED'
Request method: 'PUT'
Request headers:
    'Content-Length': '2660669'
    'x-ms-version': 'REDACTED'
    'Content-Type': 'application/octet-stream'
    'Accept': 'application/xml'
    'User-Agent': 'azsdk-python-storage-blob/12.28.0 Python/3.14.4 (macOS-26.5-arm64-arm-64bit-Mach-O)'
    'x-ms-date': 'REDACTED'
    'x-ms-client-request-id': '39e4bd70-56ba-11f1-a9e9-2e3bd8daa033'
    'Authorization': 'REDACTED'
A body is sent with the request
2026-05-23 11:15:26,382 DEBUG urllib3.connectionpool https://stasiprod1eus2.blob.core.windows.net:443 "PUT /healthcare/bronze/sdud/year%3D2021/data.csv.gz?comp=block&blockid=TURBd01EQXdNREF3TURBd01EQXdNREF3TURBd01EQXdPVEl5TnpRMk9EZyUzRA%3D%3D HTTP/1.1" 201 0
2026-05-23 11:15:26,383 INFO  azure.core.pipeline.policies.http_logging_policy Response status: 201
Response headers:
    'Content-Length': '0'
    'Server': 'Windows-Azure-Blob/1.0 Microsoft-HTTPAPI/2.0'
    'x-ms-request-id': '2875466a-701e-0050-16c6-eaae91000000'
    'x-ms-client-request-id': '39e4bd70-56ba-11f1-a9e9-2e3bd8daa033'
    'x-ms-version': 'REDACTED'
    'x-ms-content-crc64': 'REDACTED'
    'x-ms-request-server-encrypted': 'REDACTED'
    'Date': 'Sat, 23 May 2026 15:15:26 GMT'
2026-05-23 11:15:26,384 INFO  azure.core.pipeline.policies.http_logging_policy Request URL: 'https://stasiprod1eus2.blob.core.windows.net/healthcare/bronze/sdud/year%3D2021/data.csv.gz?comp=REDACTED'
Request method: 'PUT'
Request headers:
    'Content-Length': '1925'
    'x-ms-version': 'REDACTED'
    'Content-Type': 'application/xml'
    'Accept': 'application/xml'
    'User-Agent': 'azsdk-python-storage-blob/12.28.0 Python/3.14.4 (macOS-26.5-arm64-arm-64bit-Mach-O)'
    'x-ms-date': 'REDACTED'
    'x-ms-client-request-id': '3a19521a-56ba-11f1-a9e9-2e3bd8daa033'
    'Authorization': 'REDACTED'
A body is sent with the request
2026-05-23 11:15:26,445 DEBUG urllib3.connectionpool https://stasiprod1eus2.blob.core.windows.net:443 "PUT /healthcare/bronze/sdud/year%3D2021/data.csv.gz?comp=blocklist HTTP/1.1" 201 0
2026-05-23 11:15:26,446 INFO  azure.core.pipeline.policies.http_logging_policy Response status: 201
Response headers:
    'Content-Length': '0'
    'Last-Modified': 'Sat, 23 May 2026 15:15:26 GMT'
    'ETag': '"0x8DEB8DE1E57687C"'
    'Server': 'Windows-Azure-Blob/1.0 Microsoft-HTTPAPI/2.0'
    'x-ms-request-id': '287547cf-701e-0050-43c6-eaae91000000'
    'x-ms-client-request-id': '3a19521a-56ba-11f1-a9e9-2e3bd8daa033'
    'x-ms-version': 'REDACTED'
    'x-ms-content-crc64': 'REDACTED'
    'x-ms-request-server-encrypted': 'REDACTED'
    'Date': 'Sat, 23 May 2026 15:15:26 GMT'
2026-05-23 11:15:26,446 INFO  sdud_pull uploaded /tmp/sdud-stage/year=2021/data.csv.gz → az://stasiprod1eus2/healthcare/bronze/sdud/year=2021/data.csv.gz
2026-05-23 11:15:26,447 DEBUG urllib3.connectionpool Starting new HTTPS connection (1): data.medicaid.gov:443
2026-05-23 11:15:26,512 DEBUG urllib3.connectionpool https://data.medicaid.gov:443 "GET /api/1/metastore/schemas/dataset/items?limit=50&offset=0 HTTP/1.1" 200 72892
2026-05-23 11:15:26,547 INFO  sdud_pull GET https://download.medicaid.gov/data/sdud-2022-updated.csv
2026-05-23 11:15:26,548 DEBUG urllib3.connectionpool Starting new HTTPS connection (1): download.medicaid.gov:443
2026-05-23 11:15:26,702 DEBUG urllib3.connectionpool https://download.medicaid.gov:443 "GET /data/sdud-2022-updated.csv HTTP/1.1" 200 495775851
2026-05-23 11:15:37,969 INFO  sdud_pull year=2022 rows=5189398 in=495.8MB out=97.5MB dest=/tmp/sdud-stage/year=2022/data.csv.gz
2026-05-23 11:15:37,973 INFO  azure.core.pipeline.policies.http_logging_policy Request URL: 'https://stasiprod1eus2.blob.core.windows.net/healthcare/bronze/sdud/year%3D2022/data.csv.gz?comp=REDACTED&blockid=REDACTED'
Request method: 'PUT'
Request headers:
    'Content-Length': '4194304'
    'x-ms-version': 'REDACTED'
    'Content-Type': 'application/octet-stream'
    'Accept': 'application/xml'
    'User-Agent': 'azsdk-python-storage-blob/12.28.0 Python/3.14.4 (macOS-26.5-arm64-arm-64bit-Mach-O)'
    'x-ms-date': 'REDACTED'
    'x-ms-client-request-id': '4101a76c-56ba-11f1-a9e9-2e3bd8daa033'
    'Authorization': 'REDACTED'
A body is sent with the request
2026-05-23 11:15:37,973 DEBUG urllib3.connectionpool Starting new HTTPS connection (1): stasiprod1eus2.blob.core.windows.net:443
2026-05-23 11:15:38,430 DEBUG urllib3.connectionpool https://stasiprod1eus2.blob.core.windows.net:443 "PUT /healthcare/bronze/sdud/year%3D2022/data.csv.gz?comp=block&blockid=TURBd01EQXdNREF3TURBd01EQXdNREF3TURBd01EQXdNREF3TURBd01EQSUzRA%3D%3D HTTP/1.1" 201 0
2026-05-23 11:15:38,431 INFO  azure.core.pipeline.policies.http_logging_policy Response status: 201
Response headers:
    'Content-Length': '0'
    'Server': 'Windows-Azure-Blob/1.0 Microsoft-HTTPAPI/2.0'
    'x-ms-request-id': 'a4ae6d31-301e-006e-2ac7-ea39ee000000'
    'x-ms-client-request-id': '4101a76c-56ba-11f1-a9e9-2e3bd8daa033'
    'x-ms-version': 'REDACTED'
    'x-ms-content-crc64': 'REDACTED'
    'x-ms-request-server-encrypted': 'REDACTED'
    'Date': 'Sat, 23 May 2026 15:15:38 GMT'
2026-05-23 11:15:38,433 INFO  azure.core.pipeline.policies.http_logging_policy Request URL: 'https://stasiprod1eus2.blob.core.windows.net/healthcare/bronze/sdud/year%3D2022/data.csv.gz?comp=REDACTED&blockid=REDACTED'
Request method: 'PUT'
Request headers:
    'Content-Length': '4194304'
    'x-ms-version': 'REDACTED'
    'Content-Type': 'application/octet-stream'
    'Accept': 'application/xml'
    'User-Agent': 'azsdk-python-storage-blob/12.28.0 Python/3.14.4 (macOS-26.5-arm64-arm-64bit-Mach-O)'
    'x-ms-date': 'REDACTED'
    'x-ms-client-request-id': '4147d764-56ba-11f1-a9e9-2e3bd8daa033'
    'Authorization': 'REDACTED'
A body is sent with the request
2026-05-23 11:15:38,842 DEBUG urllib3.connectionpool https://stasiprod1eus2.blob.core.windows.net:443 "PUT /healthcare/bronze/sdud/year%3D2022/data.csv.gz?comp=block&blockid=TURBd01EQXdNREF3TURBd01EQXdNREF3TURBd01EQXdNRFF4T1RRek1EUSUzRA%3D%3D HTTP/1.1" 201 0
2026-05-23 11:15:38,842 INFO  azure.core.pipeline.policies.http_logging_policy Response status: 201
Response headers:
    'Content-Length': '0'
    'Server': 'Windows-Azure-Blob/1.0 Microsoft-HTTPAPI/2.0'
    'x-ms-request-id': 'a4ae6f27-301e-006e-52c7-ea39ee000000'
    'x-ms-client-request-id': '4147d764-56ba-11f1-a9e9-2e3bd8daa033'
    'x-ms-version': 'REDACTED'
    'x-ms-content-crc64': 'REDACTED'
    'x-ms-request-server-encrypted': 'REDACTED'
    'Date': 'Sat, 23 May 2026 15:15:38 GMT'
2026-05-23 11:15:38,845 INFO  azure.core.pipeline.policies.http_logging_policy Request URL: 'https://stasiprod1eus2.blob.core.windows.net/healthcare/bronze/sdud/year%3D2022/data.csv.gz?comp=REDACTED&blockid=REDACTED'
Request method: 'PUT'
Request headers:
    'Content-Length': '4194304'
    'x-ms-version': 'REDACTED'
    'Content-Type': 'application/octet-stream'
    'Accept': 'application/xml'
    'User-Agent': 'azsdk-python-storage-blob/12.28.0 Python/3.14.4 (macOS-26.5-arm64-arm-64bit-Mach-O)'
    'x-ms-date': 'REDACTED'
    'x-ms-client-request-id': '4186c654-56ba-11f1-a9e9-2e3bd8daa033'
    'Authorization': 'REDACTED'
A body is sent with the request
2026-05-23 11:15:39,321 DEBUG urllib3.connectionpool https://stasiprod1eus2.blob.core.windows.net:443 "PUT /healthcare/bronze/sdud/year%3D2022/data.csv.gz?comp=block&blockid=TURBd01EQXdNREF3TURBd01EQXdNREF3TURBd01EQXdNRGd6T0RnMk1EZyUzRA%3D%3D HTTP/1.1" 201 0
2026-05-23 11:15:39,321 INFO  azure.core.pipeline.policies.http_logging_policy Response status: 201
Response headers:
    'Content-Length': '0'
    'Server': 'Windows-Azure-Blob/1.0 Microsoft-HTTPAPI/2.0'
    'x-ms-request-id': 'a4ae7147-301e-006e-25c7-ea39ee000000'
    'x-ms-client-request-id': '4186c654-56ba-11f1-a9e9-2e3bd8daa033'
    'x-ms-version': 'REDACTED'
    'x-ms-content-crc64': 'REDACTED'
    'x-ms-request-server-encrypted': 'REDACTED'
    'Date': 'Sat, 23 May 2026 15:15:39 GMT'
2026-05-23 11:15:39,324 INFO  azure.core.pipeline.policies.http_logging_policy Request URL: 'https://stasiprod1eus2.blob.core.windows.net/healthcare/bronze/sdud/year%3D2022/data.csv.gz?comp=REDACTED&blockid=REDACTED'
Request method: 'PUT'
Request headers:
    'Content-Length': '4194304'
    'x-ms-version': 'REDACTED'
    'Content-Type': 'application/octet-stream'
    'Accept': 'application/xml'
    'User-Agent': 'azsdk-python-storage-blob/12.28.0 Python/3.14.4 (macOS-26.5-arm64-arm-64bit-Mach-O)'
    'x-ms-date': 'REDACTED'
    'x-ms-client-request-id': '41cfdfb0-56ba-11f1-a9e9-2e3bd8daa033'
    'Authorization': 'REDACTED'
A body is sent with the request
2026-05-23 11:15:39,777 DEBUG urllib3.connectionpool https://stasiprod1eus2.blob.core.windows.net:443 "PUT /healthcare/bronze/sdud/year%3D2022/data.csv.gz?comp=block&blockid=TURBd01EQXdNREF3TURBd01EQXdNREF3TURBd01EQXdNVEkxT0RJNU1USSUzRA%3D%3D HTTP/1.1" 201 0
2026-05-23 11:15:39,778 INFO  azure.core.pipeline.policies.http_logging_policy Response status: 201
Response headers:
    'Content-Length': '0'
    'Server': 'Windows-Azure-Blob/1.0 Microsoft-HTTPAPI/2.0'
    'x-ms-request-id': 'a4ae7372-301e-006e-05c7-ea39ee000000'
    'x-ms-client-request-id': '41cfdfb0-56ba-11f1-a9e9-2e3bd8daa033'
    'x-ms-version': 'REDACTED'
    'x-ms-content-crc64': 'REDACTED'
    'x-ms-request-server-encrypted': 'REDACTED'
    'Date': 'Sat, 23 May 2026 15:15:39 GMT'
2026-05-23 11:15:39,782 INFO  azure.core.pipeline.policies.http_logging_policy Request URL: 'https://stasiprod1eus2.blob.core.windows.net/healthcare/bronze/sdud/year%3D2022/data.csv.gz?comp=REDACTED&blockid=REDACTED'
Request method: 'PUT'
Request headers:
    'Content-Length': '4194304'
    'x-ms-version': 'REDACTED'
    'Content-Type': 'application/octet-stream'
    'Accept': 'application/xml'
    'User-Agent': 'azsdk-python-storage-blob/12.28.0 Python/3.14.4 (macOS-26.5-arm64-arm-64bit-Mach-O)'
    'x-ms-date': 'REDACTED'
    'x-ms-client-request-id': '4215a89c-56ba-11f1-a9e9-2e3bd8daa033'
    'Authorization': 'REDACTED'
A body is sent with the request
2026-05-23 11:15:40,213 DEBUG urllib3.connectionpool https://stasiprod1eus2.blob.core.windows.net:443 "PUT /healthcare/bronze/sdud/year%3D2022/data.csv.gz?comp=block&blockid=TURBd01EQXdNREF3TURBd01EQXdNREF3TURBd01EQXdNVFkzTnpjeU1UWSUzRA%3D%3D HTTP/1.1" 201 0
2026-05-23 11:15:40,214 INFO  azure.core.pipeline.policies.http_logging_policy Response status: 201
Response headers:
    'Content-Length': '0'
    'Server': 'Windows-Azure-Blob/1.0 Microsoft-HTTPAPI/2.0'
    'x-ms-request-id': 'a4ae759a-301e-006e-3bc7-ea39ee000000'
    'x-ms-client-request-id': '4215a89c-56ba-11f1-a9e9-2e3bd8daa033'
    'x-ms-version': 'REDACTED'
    'x-ms-content-crc64': 'REDACTED'
    'x-ms-request-server-encrypted': 'REDACTED'
    'Date': 'Sat, 23 May 2026 15:15:40 GMT'
2026-05-23 11:15:40,218 INFO  azure.core.pipeline.policies.http_logging_policy Request URL: 'https://stasiprod1eus2.blob.core.windows.net/healthcare/bronze/sdud/year%3D2022/data.csv.gz?comp=REDACTED&blockid=REDACTED'
Request method: 'PUT'
Request headers:
    'Content-Length': '4194304'
    'x-ms-version': 'REDACTED'
    'Content-Type': 'application/octet-stream'
    'Accept': 'application/xml'
    'User-Agent': 'azsdk-python-storage-blob/12.28.0 Python/3.14.4 (macOS-26.5-arm64-arm-64bit-Mach-O)'
    'x-ms-date': 'REDACTED'
    'x-ms-client-request-id': '42583374-56ba-11f1-a9e9-2e3bd8daa033'
    'Authorization': 'REDACTED'
A body is sent with the request
2026-05-23 11:15:40,690 DEBUG urllib3.connectionpool https://stasiprod1eus2.blob.core.windows.net:443 "PUT /healthcare/bronze/sdud/year%3D2022/data.csv.gz?comp=block&blockid=TURBd01EQXdNREF3TURBd01EQXdNREF3TURBd01EQXdNakE1TnpFMU1qQSUzRA%3D%3D HTTP/1.1" 201 0
2026-05-23 11:15:40,691 INFO  azure.core.pipeline.policies.http_logging_policy Response status: 201
Response headers:
    'Content-Length': '0'
    'Server': 'Windows-Azure-Blob/1.0 Microsoft-HTTPAPI/2.0'
    'x-ms-request-id': 'a4ae778e-301e-006e-4fc7-ea39ee000000'
    'x-ms-client-request-id': '42583374-56ba-11f1-a9e9-2e3bd8daa033'
    'x-ms-version': 'REDACTED'
    'x-ms-content-crc64': 'REDACTED'
    'x-ms-request-server-encrypted': 'REDACTED'
    'Date': 'Sat, 23 May 2026 15:15:40 GMT'
2026-05-23 11:15:40,695 INFO  azure.core.pipeline.policies.http_logging_policy Request URL: 'https://stasiprod1eus2.blob.core.windows.net/healthcare/bronze/sdud/year%3D2022/data.csv.gz?comp=REDACTED&blockid=REDACTED'
Request method: 'PUT'
Request headers:
    'Content-Length': '4194304'
    'x-ms-version': 'REDACTED'
    'Content-Type': 'application/octet-stream'
    'Accept': 'application/xml'
    'User-Agent': 'azsdk-python-storage-blob/12.28.0 Python/3.14.4 (macOS-26.5-arm64-arm-64bit-Mach-O)'
    'x-ms-date': 'REDACTED'
    'x-ms-client-request-id': '42a1064e-56ba-11f1-a9e9-2e3bd8daa033'
    'Authorization': 'REDACTED'
A body is sent with the request
2026-05-23 11:15:41,185 DEBUG urllib3.connectionpool https://stasiprod1eus2.blob.core.windows.net:443 "PUT /healthcare/bronze/sdud/year%3D2022/data.csv.gz?comp=block&blockid=TURBd01EQXdNREF3TURBd01EQXdNREF3TURBd01EQXdNalV4TmpVNE1qUSUzRA%3D%3D HTTP/1.1" 201 0
2026-05-23 11:15:41,185 INFO  azure.core.pipeline.policies.http_logging_policy Response status: 201
Response headers:
    'Content-Length': '0'
    'Server': 'Windows-Azure-Blob/1.0 Microsoft-HTTPAPI/2.0'
    'x-ms-request-id': 'a4ae7a8a-301e-006e-0dc7-ea39ee000000'
    'x-ms-client-request-id': '42a1064e-56ba-11f1-a9e9-2e3bd8daa033'
    'x-ms-version': 'REDACTED'
    'x-ms-content-crc64': 'REDACTED'
    'x-ms-request-server-encrypted': 'REDACTED'
    'Date': 'Sat, 23 May 2026 15:15:41 GMT'
2026-05-23 11:15:41,187 INFO  azure.core.pipeline.policies.http_logging_policy Request URL: 'https://stasiprod1eus2.blob.core.windows.net/healthcare/bronze/sdud/year%3D2022/data.csv.gz?comp=REDACTED&blockid=REDACTED'
Request method: 'PUT'
Request headers:
    'Content-Length': '4194304'
    'x-ms-version': 'REDACTED'
    'Content-Type': 'application/octet-stream'
    'Accept': 'application/xml'
    'User-Agent': 'azsdk-python-storage-blob/12.28.0 Python/3.14.4 (macOS-26.5-arm64-arm-64bit-Mach-O)'
    'x-ms-date': 'REDACTED'
    'x-ms-client-request-id': '42ec32ae-56ba-11f1-a9e9-2e3bd8daa033'
    'Authorization': 'REDACTED'
A body is sent with the request
2026-05-23 11:15:41,594 DEBUG urllib3.connectionpool https://stasiprod1eus2.blob.core.windows.net:443 "PUT /healthcare/bronze/sdud/year%3D2022/data.csv.gz?comp=block&blockid=TURBd01EQXdNREF3TURBd01EQXdNREF3TURBd01EQXdNamt6TmpBeE1qZyUzRA%3D%3D HTTP/1.1" 201 0
2026-05-23 11:15:41,595 INFO  azure.core.pipeline.policies.http_logging_policy Response status: 201
Response headers:
    'Content-Length': '0'
    'Server': 'Windows-Azure-Blob/1.0 Microsoft-HTTPAPI/2.0'
    'x-ms-request-id': 'a4ae7c8c-301e-006e-49c7-ea39ee000000'
    'x-ms-client-request-id': '42ec32ae-56ba-11f1-a9e9-2e3bd8daa033'
    'x-ms-version': 'REDACTED'
    'x-ms-content-crc64': 'REDACTED'
    'x-ms-request-server-encrypted': 'REDACTED'
    'Date': 'Sat, 23 May 2026 15:15:41 GMT'
2026-05-23 11:15:41,599 INFO  azure.core.pipeline.policies.http_logging_policy Request URL: 'https://stasiprod1eus2.blob.core.windows.net/healthcare/bronze/sdud/year%3D2022/data.csv.gz?comp=REDACTED&blockid=REDACTED'
Request method: 'PUT'
Request headers:
    'Content-Length': '4194304'
    'x-ms-version': 'REDACTED'
    'Content-Type': 'application/octet-stream'
    'Accept': 'application/xml'
    'User-Agent': 'azsdk-python-storage-blob/12.28.0 Python/3.14.4 (macOS-26.5-arm64-arm-64bit-Mach-O)'
    'x-ms-date': 'REDACTED'
    'x-ms-client-request-id': '432b06e6-56ba-11f1-a9e9-2e3bd8daa033'
    'Authorization': 'REDACTED'
A body is sent with the request
2026-05-23 11:15:42,150 DEBUG urllib3.connectionpool https://stasiprod1eus2.blob.core.windows.net:443 "PUT /healthcare/bronze/sdud/year%3D2022/data.csv.gz?comp=block&blockid=TURBd01EQXdNREF3TURBd01EQXdNREF3TURBd01EQXdNek0xTlRRME16SSUzRA%3D%3D HTTP/1.1" 201 0
2026-05-23 11:15:42,151 INFO  azure.core.pipeline.policies.http_logging_policy Response status: 201
Response headers:
    'Content-Length': '0'
    'Server': 'Windows-Azure-Blob/1.0 Microsoft-HTTPAPI/2.0'
    'x-ms-request-id': 'a4ae7eb3-301e-006e-74c7-ea39ee000000'
    'x-ms-client-request-id': '432b06e6-56ba-11f1-a9e9-2e3bd8daa033'
    'x-ms-version': 'REDACTED'
    'x-ms-content-crc64': 'REDACTED'
    'x-ms-request-server-encrypted': 'REDACTED'
    'Date': 'Sat, 23 May 2026 15:15:42 GMT'
2026-05-23 11:15:42,157 INFO  azure.core.pipeline.policies.http_logging_policy Request URL: 'https://stasiprod1eus2.blob.core.windows.net/healthcare/bronze/sdud/year%3D2022/data.csv.gz?comp=REDACTED&blockid=REDACTED'
Request method: 'PUT'
Request headers:
    'Content-Length': '4194304'
    'x-ms-version': 'REDACTED'
    'Content-Type': 'application/octet-stream'
    'Accept': 'application/xml'
    'User-Agent': 'azsdk-python-storage-blob/12.28.0 Python/3.14.4 (macOS-26.5-arm64-arm-64bit-Mach-O)'
    'x-ms-date': 'REDACTED'
    'x-ms-client-request-id': '43800b28-56ba-11f1-a9e9-2e3bd8daa033'
    'Authorization': 'REDACTED'
A body is sent with the request
2026-05-23 11:15:42,670 DEBUG urllib3.connectionpool https://stasiprod1eus2.blob.core.windows.net:443 "PUT /healthcare/bronze/sdud/year%3D2022/data.csv.gz?comp=block&blockid=TURBd01EQXdNREF3TURBd01EQXdNREF3TURBd01EQXdNemMzTkRnM016WSUzRA%3D%3D HTTP/1.1" 201 0
2026-05-23 11:15:42,671 INFO  azure.core.pipeline.policies.http_logging_policy Response status: 201
Response headers:
    'Content-Length': '0'
    'Server': 'Windows-Azure-Blob/1.0 Microsoft-HTTPAPI/2.0'
    'x-ms-request-id': 'a4ae8131-301e-006e-1ec7-ea39ee000000'
    'x-ms-client-request-id': '43800b28-56ba-11f1-a9e9-2e3bd8daa033'
    'x-ms-version': 'REDACTED'
    'x-ms-content-crc64': 'REDACTED'
    'x-ms-request-server-encrypted': 'REDACTED'
    'Date': 'Sat, 23 May 2026 15:15:42 GMT'
2026-05-23 11:15:42,677 INFO  azure.core.pipeline.policies.http_logging_policy Request URL: 'https://stasiprod1eus2.blob.core.windows.net/healthcare/bronze/sdud/year%3D2022/data.csv.gz?comp=REDACTED&blockid=REDACTED'
Request method: 'PUT'
Request headers:
    'Content-Length': '4194304'
    'x-ms-version': 'REDACTED'
    'Content-Type': 'application/octet-stream'
    'Accept': 'application/xml'
    'User-Agent': 'azsdk-python-storage-blob/12.28.0 Python/3.14.4 (macOS-26.5-arm64-arm-64bit-Mach-O)'
    'x-ms-date': 'REDACTED'
    'x-ms-client-request-id': '43cf67fe-56ba-11f1-a9e9-2e3bd8daa033'
    'Authorization': 'REDACTED'
A body is sent with the request
2026-05-23 11:15:43,141 DEBUG urllib3.connectionpool https://stasiprod1eus2.blob.core.windows.net:443 "PUT /healthcare/bronze/sdud/year%3D2022/data.csv.gz?comp=block&blockid=TURBd01EQXdNREF3TURBd01EQXdNREF3TURBd01EQXdOREU1TkRNd05EQSUzRA%3D%3D HTTP/1.1" 201 0
2026-05-23 11:15:43,142 INFO  azure.core.pipeline.policies.http_logging_policy Response status: 201
Response headers:
    'Content-Length': '0'
    'Server': 'Windows-Azure-Blob/1.0 Microsoft-HTTPAPI/2.0'
    'x-ms-request-id': 'a4ae8366-301e-006e-65c7-ea39ee000000'
    'x-ms-client-request-id': '43cf67fe-56ba-11f1-a9e9-2e3bd8daa033'
    'x-ms-version': 'REDACTED'
    'x-ms-content-crc64': 'REDACTED'
    'x-ms-request-server-encrypted': 'REDACTED'
    'Date': 'Sat, 23 May 2026 15:15:43 GMT'
2026-05-23 11:15:43,146 INFO  azure.core.pipeline.policies.http_logging_policy Request URL: 'https://stasiprod1eus2.blob.core.windows.net/healthcare/bronze/sdud/year%3D2022/data.csv.gz?comp=REDACTED&blockid=REDACTED'
Request method: 'PUT'
Request headers:
    'Content-Length': '4194304'
    'x-ms-version': 'REDACTED'
    'Content-Type': 'application/octet-stream'
    'Accept': 'application/xml'
    'User-Agent': 'azsdk-python-storage-blob/12.28.0 Python/3.14.4 (macOS-26.5-arm64-arm-64bit-Mach-O)'
    'x-ms-date': 'REDACTED'
    'x-ms-client-request-id': '4416fe48-56ba-11f1-a9e9-2e3bd8daa033'
    'Authorization': 'REDACTED'
A body is sent with the request
2026-05-23 11:15:43,631 DEBUG urllib3.connectionpool https://stasiprod1eus2.blob.core.windows.net:443 "PUT /healthcare/bronze/sdud/year%3D2022/data.csv.gz?comp=block&blockid=TURBd01EQXdNREF3TURBd01EQXdNREF3TURBd01EQXdORFl4TXpjek5EUSUzRA%3D%3D HTTP/1.1" 201 0
2026-05-23 11:15:43,632 INFO  azure.core.pipeline.policies.http_logging_policy Response status: 201
Response headers:
    'Content-Length': '0'
    'Server': 'Windows-Azure-Blob/1.0 Microsoft-HTTPAPI/2.0'
    'x-ms-request-id': 'a4ae857d-301e-006e-18c7-ea39ee000000'
    'x-ms-client-request-id': '4416fe48-56ba-11f1-a9e9-2e3bd8daa033'
    'x-ms-version': 'REDACTED'
    'x-ms-content-crc64': 'REDACTED'
    'x-ms-request-server-encrypted': 'REDACTED'
    'Date': 'Sat, 23 May 2026 15:15:43 GMT'
2026-05-23 11:15:43,636 INFO  azure.core.pipeline.policies.http_logging_policy Request URL: 'https://stasiprod1eus2.blob.core.windows.net/healthcare/bronze/sdud/year%3D2022/data.csv.gz?comp=REDACTED&blockid=REDACTED'
Request method: 'PUT'
Request headers:
    'Content-Length': '4194304'
    'x-ms-version': 'REDACTED'
    'Content-Type': 'application/octet-stream'
    'Accept': 'application/xml'
    'User-Agent': 'azsdk-python-storage-blob/12.28.0 Python/3.14.4 (macOS-26.5-arm64-arm-64bit-Mach-O)'
    'x-ms-date': 'REDACTED'
    'x-ms-client-request-id': '4461ca9a-56ba-11f1-a9e9-2e3bd8daa033'
    'Authorization': 'REDACTED'
A body is sent with the request
2026-05-23 11:15:44,152 DEBUG urllib3.connectionpool https://stasiprod1eus2.blob.core.windows.net:443 "PUT /healthcare/bronze/sdud/year%3D2022/data.csv.gz?comp=block&blockid=TURBd01EQXdNREF3TURBd01EQXdNREF3TURBd01EQXdOVEF6TXpFMk5EZyUzRA%3D%3D HTTP/1.1" 201 0
2026-05-23 11:15:44,153 INFO  azure.core.pipeline.policies.http_logging_policy Response status: 201
Response headers:
    'Content-Length': '0'
    'Server': 'Windows-Azure-Blob/1.0 Microsoft-HTTPAPI/2.0'
    'x-ms-request-id': 'a4ae87cb-301e-006e-02c7-ea39ee000000'
    'x-ms-client-request-id': '4461ca9a-56ba-11f1-a9e9-2e3bd8daa033'
    'x-ms-version': 'REDACTED'
    'x-ms-content-crc64': 'REDACTED'
    'x-ms-request-server-encrypted': 'REDACTED'
    'Date': 'Sat, 23 May 2026 15:15:44 GMT'
2026-05-23 11:15:44,155 INFO  azure.core.pipeline.policies.http_logging_policy Request URL: 'https://stasiprod1eus2.blob.core.windows.net/healthcare/bronze/sdud/year%3D2022/data.csv.gz?comp=REDACTED&blockid=REDACTED'
Request method: 'PUT'
Request headers:
    'Content-Length': '4194304'
    'x-ms-version': 'REDACTED'
    'Content-Type': 'application/octet-stream'
    'Accept': 'application/xml'
    'User-Agent': 'azsdk-python-storage-blob/12.28.0 Python/3.14.4 (macOS-26.5-arm64-arm-64bit-Mach-O)'
    'x-ms-date': 'REDACTED'
    'x-ms-client-request-id': '44b108ee-56ba-11f1-a9e9-2e3bd8daa033'
    'Authorization': 'REDACTED'
A body is sent with the request
2026-05-23 11:15:44,607 DEBUG urllib3.connectionpool https://stasiprod1eus2.blob.core.windows.net:443 "PUT /healthcare/bronze/sdud/year%3D2022/data.csv.gz?comp=block&blockid=TURBd01EQXdNREF3TURBd01EQXdNREF3TURBd01EQXdOVFExTWpVNU5USSUzRA%3D%3D HTTP/1.1" 201 0
2026-05-23 11:15:44,607 INFO  azure.core.pipeline.policies.http_logging_policy Response status: 201
Response headers:
    'Content-Length': '0'
    'Server': 'Windows-Azure-Blob/1.0 Microsoft-HTTPAPI/2.0'
    'x-ms-request-id': 'a4ae8a31-301e-006e-08c7-ea39ee000000'
    'x-ms-client-request-id': '44b108ee-56ba-11f1-a9e9-2e3bd8daa033'
    'x-ms-version': 'REDACTED'
    'x-ms-content-crc64': 'REDACTED'
    'x-ms-request-server-encrypted': 'REDACTED'
    'Date': 'Sat, 23 May 2026 15:15:44 GMT'
2026-05-23 11:15:44,610 INFO  azure.core.pipeline.policies.http_logging_policy Request URL: 'https://stasiprod1eus2.blob.core.windows.net/healthcare/bronze/sdud/year%3D2022/data.csv.gz?comp=REDACTED&blockid=REDACTED'
Request method: 'PUT'
Request headers:
    'Content-Length': '4194304'
    'x-ms-version': 'REDACTED'
    'Content-Type': 'application/octet-stream'
    'Accept': 'application/xml'
    'User-Agent': 'azsdk-python-storage-blob/12.28.0 Python/3.14.4 (macOS-26.5-arm64-arm-64bit-Mach-O)'
    'x-ms-date': 'REDACTED'
    'x-ms-client-request-id': '44f67758-56ba-11f1-a9e9-2e3bd8daa033'
    'Authorization': 'REDACTED'
A body is sent with the request
2026-05-23 11:15:45,104 DEBUG urllib3.connectionpool https://stasiprod1eus2.blob.core.windows.net:443 "PUT /healthcare/bronze/sdud/year%3D2022/data.csv.gz?comp=block&blockid=TURBd01EQXdNREF3TURBd01EQXdNREF3TURBd01EQXdOVGczTWpBeU5UWSUzRA%3D%3D HTTP/1.1" 201 0
2026-05-23 11:15:45,105 INFO  azure.core.pipeline.policies.http_logging_policy Response status: 201
Response headers:
    'Content-Length': '0'
    'Server': 'Windows-Azure-Blob/1.0 Microsoft-HTTPAPI/2.0'
    'x-ms-request-id': 'a4ae8bf0-301e-006e-05c7-ea39ee000000'
    'x-ms-client-request-id': '44f67758-56ba-11f1-a9e9-2e3bd8daa033'
    'x-ms-version': 'REDACTED'
    'x-ms-content-crc64': 'REDACTED'
    'x-ms-request-server-encrypted': 'REDACTED'
    'Date': 'Sat, 23 May 2026 15:15:45 GMT'
2026-05-23 11:15:45,108 INFO  azure.core.pipeline.policies.http_logging_policy Request URL: 'https://stasiprod1eus2.blob.core.windows.net/healthcare/bronze/sdud/year%3D2022/data.csv.gz?comp=REDACTED&blockid=REDACTED'
Request method: 'PUT'
Request headers:
    'Content-Length': '4194304'
    'x-ms-version': 'REDACTED'
    'Content-Type': 'application/octet-stream'
    'Accept': 'application/xml'
    'User-Agent': 'azsdk-python-storage-blob/12.28.0 Python/3.14.4 (macOS-26.5-arm64-arm-64bit-Mach-O)'
    'x-ms-date': 'REDACTED'
    'x-ms-client-request-id': '45426f6e-56ba-11f1-a9e9-2e3bd8daa033'
    'Authorization': 'REDACTED'
A body is sent with the request
2026-05-23 11:15:45,615 DEBUG urllib3.connectionpool https://stasiprod1eus2.blob.core.windows.net:443 "PUT /healthcare/bronze/sdud/year%3D2022/data.csv.gz?comp=block&blockid=TURBd01EQXdNREF3TURBd01EQXdNREF3TURBd01EQXdOakk1TVRRMU5qQSUzRA%3D%3D HTTP/1.1" 201 0
2026-05-23 11:15:45,616 INFO  azure.core.pipeline.policies.http_logging_policy Response status: 201
Response headers:
    'Content-Length': '0'
    'Server': 'Windows-Azure-Blob/1.0 Microsoft-HTTPAPI/2.0'
    'x-ms-request-id': 'a4ae8e76-301e-006e-13c7-ea39ee000000'
    'x-ms-client-request-id': '45426f6e-56ba-11f1-a9e9-2e3bd8daa033'
    'x-ms-version': 'REDACTED'
    'x-ms-content-crc64': 'REDACTED'
    'x-ms-request-server-encrypted': 'REDACTED'
    'Date': 'Sat, 23 May 2026 15:15:45 GMT'
2026-05-23 11:15:45,620 INFO  azure.core.pipeline.policies.http_logging_policy Request URL: 'https://stasiprod1eus2.blob.core.windows.net/healthcare/bronze/sdud/year%3D2022/data.csv.gz?comp=REDACTED&blockid=REDACTED'
Request method: 'PUT'
Request headers:
    'Content-Length': '4194304'
    'x-ms-version': 'REDACTED'
    'Content-Type': 'application/octet-stream'
    'Accept': 'application/xml'
    'User-Agent': 'azsdk-python-storage-blob/12.28.0 Python/3.14.4 (macOS-26.5-arm64-arm-64bit-Mach-O)'
    'x-ms-date': 'REDACTED'
    'x-ms-client-request-id': '45908a50-56ba-11f1-a9e9-2e3bd8daa033'
    'Authorization': 'REDACTED'
A body is sent with the request
2026-05-23 11:15:46,122 DEBUG urllib3.connectionpool https://stasiprod1eus2.blob.core.windows.net:443 "PUT /healthcare/bronze/sdud/year%3D2022/data.csv.gz?comp=block&blockid=TURBd01EQXdNREF3TURBd01EQXdNREF3TURBd01EQXdOamN4TURnNE5qUSUzRA%3D%3D HTTP/1.1" 201 0
2026-05-23 11:15:46,123 INFO  azure.core.pipeline.policies.http_logging_policy Response status: 201
Response headers:
    'Content-Length': '0'
    'Server': 'Windows-Azure-Blob/1.0 Microsoft-HTTPAPI/2.0'
    'x-ms-request-id': 'a4ae90be-301e-006e-7cc7-ea39ee000000'
    'x-ms-client-request-id': '45908a50-56ba-11f1-a9e9-2e3bd8daa033'
    'x-ms-version': 'REDACTED'
    'x-ms-content-crc64': 'REDACTED'
    'x-ms-request-server-encrypted': 'REDACTED'
    'Date': 'Sat, 23 May 2026 15:15:46 GMT'
2026-05-23 11:15:46,126 INFO  azure.core.pipeline.policies.http_logging_policy Request URL: 'https://stasiprod1eus2.blob.core.windows.net/healthcare/bronze/sdud/year%3D2022/data.csv.gz?comp=REDACTED&blockid=REDACTED'
Request method: 'PUT'
Request headers:
    'Content-Length': '4194304'
    'x-ms-version': 'REDACTED'
    'Content-Type': 'application/octet-stream'
    'Accept': 'application/xml'
    'User-Agent': 'azsdk-python-storage-blob/12.28.0 Python/3.14.4 (macOS-26.5-arm64-arm-64bit-Mach-O)'
    'x-ms-date': 'REDACTED'
    'x-ms-client-request-id': '45ddd152-56ba-11f1-a9e9-2e3bd8daa033'
    'Authorization': 'REDACTED'
A body is sent with the request
2026-05-23 11:15:46,539 DEBUG urllib3.connectionpool https://stasiprod1eus2.blob.core.windows.net:443 "PUT /healthcare/bronze/sdud/year%3D2022/data.csv.gz?comp=block&blockid=TURBd01EQXdNREF3TURBd01EQXdNREF3TURBd01EQXdOekV6TURNeE5qZyUzRA%3D%3D HTTP/1.1" 201 0
2026-05-23 11:15:46,539 INFO  azure.core.pipeline.policies.http_logging_policy Response status: 201
Response headers:
    'Content-Length': '0'
    'Server': 'Windows-Azure-Blob/1.0 Microsoft-HTTPAPI/2.0'
    'x-ms-request-id': 'a4ae9319-301e-006e-62c7-ea39ee000000'
    'x-ms-client-request-id': '45ddd152-56ba-11f1-a9e9-2e3bd8daa033'
    'x-ms-version': 'REDACTED'
    'x-ms-content-crc64': 'REDACTED'
    'x-ms-request-server-encrypted': 'REDACTED'
    'Date': 'Sat, 23 May 2026 15:15:46 GMT'
2026-05-23 11:15:46,541 INFO  azure.core.pipeline.policies.http_logging_policy Request URL: 'https://stasiprod1eus2.blob.core.windows.net/healthcare/bronze/sdud/year%3D2022/data.csv.gz?comp=REDACTED&blockid=REDACTED'
Request method: 'PUT'
Request headers:
    'Content-Length': '4194304'
    'x-ms-version': 'REDACTED'
    'Content-Type': 'application/octet-stream'
    'Accept': 'application/xml'
    'User-Agent': 'azsdk-python-storage-blob/12.28.0 Python/3.14.4 (macOS-26.5-arm64-arm-64bit-Mach-O)'
    'x-ms-date': 'REDACTED'
    'x-ms-client-request-id': '461d25be-56ba-11f1-a9e9-2e3bd8daa033'
    'Authorization': 'REDACTED'
A body is sent with the request
2026-05-23 11:15:47,029 DEBUG urllib3.connectionpool https://stasiprod1eus2.blob.core.windows.net:443 "PUT /healthcare/bronze/sdud/year%3D2022/data.csv.gz?comp=block&blockid=TURBd01EQXdNREF3TURBd01EQXdNREF3TURBd01EQXdOelUwT1RjME56SSUzRA%3D%3D HTTP/1.1" 201 0
2026-05-23 11:15:47,029 INFO  azure.core.pipeline.policies.http_logging_policy Response status: 201
Response headers:
    'Content-Length': '0'
    'Server': 'Windows-Azure-Blob/1.0 Microsoft-HTTPAPI/2.0'
    'x-ms-request-id': 'a4ae94b5-301e-006e-3ac7-ea39ee000000'
    'x-ms-client-request-id': '461d25be-56ba-11f1-a9e9-2e3bd8daa033'
    'x-ms-version': 'REDACTED'
    'x-ms-content-crc64': 'REDACTED'
    'x-ms-request-server-encrypted': 'REDACTED'
    'Date': 'Sat, 23 May 2026 15:15:46 GMT'
2026-05-23 11:15:47,031 INFO  azure.core.pipeline.policies.http_logging_policy Request URL: 'https://stasiprod1eus2.blob.core.windows.net/healthcare/bronze/sdud/year%3D2022/data.csv.gz?comp=REDACTED&blockid=REDACTED'
Request method: 'PUT'
Request headers:
    'Content-Length': '4194304'
    'x-ms-version': 'REDACTED'
    'Content-Type': 'application/octet-stream'
    'Accept': 'application/xml'
    'User-Agent': 'azsdk-python-storage-blob/12.28.0 Python/3.14.4 (macOS-26.5-arm64-arm-64bit-Mach-O)'
    'x-ms-date': 'REDACTED'
    'x-ms-client-request-id': '4667d7ee-56ba-11f1-a9e9-2e3bd8daa033'
    'Authorization': 'REDACTED'
A body is sent with the request
2026-05-23 11:15:47,571 DEBUG urllib3.connectionpool https://stasiprod1eus2.blob.core.windows.net:443 "PUT /healthcare/bronze/sdud/year%3D2022/data.csv.gz?comp=block&blockid=TURBd01EQXdNREF3TURBd01EQXdNREF3TURBd01EQXdOemsyT1RFM056WSUzRA%3D%3D HTTP/1.1" 201 0
2026-05-23 11:15:47,572 INFO  azure.core.pipeline.policies.http_logging_policy Response status: 201
Response headers:
    'Content-Length': '0'
    'Server': 'Windows-Azure-Blob/1.0 Microsoft-HTTPAPI/2.0'
    'x-ms-request-id': 'a4ae972a-301e-006e-43c7-ea39ee000000'
    'x-ms-client-request-id': '4667d7ee-56ba-11f1-a9e9-2e3bd8daa033'
    'x-ms-version': 'REDACTED'
    'x-ms-content-crc64': 'REDACTED'
    'x-ms-request-server-encrypted': 'REDACTED'
    'Date': 'Sat, 23 May 2026 15:15:47 GMT'
2026-05-23 11:15:47,576 INFO  azure.core.pipeline.policies.http_logging_policy Request URL: 'https://stasiprod1eus2.blob.core.windows.net/healthcare/bronze/sdud/year%3D2022/data.csv.gz?comp=REDACTED&blockid=REDACTED'
Request method: 'PUT'
Request headers:
    'Content-Length': '4194304'
    'x-ms-version': 'REDACTED'
    'Content-Type': 'application/octet-stream'
    'Accept': 'application/xml'
    'User-Agent': 'azsdk-python-storage-blob/12.28.0 Python/3.14.4 (macOS-26.5-arm64-arm-64bit-Mach-O)'
    'x-ms-date': 'REDACTED'
    'x-ms-client-request-id': '46baf226-56ba-11f1-a9e9-2e3bd8daa033'
    'Authorization': 'REDACTED'
A body is sent with the request
2026-05-23 11:15:48,062 DEBUG urllib3.connectionpool https://stasiprod1eus2.blob.core.windows.net:443 "PUT /healthcare/bronze/sdud/year%3D2022/data.csv.gz?comp=block&blockid=TURBd01EQXdNREF3TURBd01EQXdNREF3TURBd01EQXdPRE00T0RZd09EQSUzRA%3D%3D HTTP/1.1" 201 0
2026-05-23 11:15:48,063 INFO  azure.core.pipeline.policies.http_logging_policy Response status: 201
Response headers:
    'Content-Length': '0'
    'Server': 'Windows-Azure-Blob/1.0 Microsoft-HTTPAPI/2.0'
    'x-ms-request-id': 'a4ae9a45-301e-006e-6dc7-ea39ee000000'
    'x-ms-client-request-id': '46baf226-56ba-11f1-a9e9-2e3bd8daa033'
    'x-ms-version': 'REDACTED'
    'x-ms-content-crc64': 'REDACTED'
    'x-ms-request-server-encrypted': 'REDACTED'
    'Date': 'Sat, 23 May 2026 15:15:47 GMT'
2026-05-23 11:15:48,065 INFO  azure.core.pipeline.policies.http_logging_policy Request URL: 'https://stasiprod1eus2.blob.core.windows.net/healthcare/bronze/sdud/year%3D2022/data.csv.gz?comp=REDACTED&blockid=REDACTED'
Request method: 'PUT'
Request headers:
    'Content-Length': '4194304'
    'x-ms-version': 'REDACTED'
    'Content-Type': 'application/octet-stream'
    'Accept': 'application/xml'
    'User-Agent': 'azsdk-python-storage-blob/12.28.0 Python/3.14.4 (macOS-26.5-arm64-arm-64bit-Mach-O)'
    'x-ms-date': 'REDACTED'
    'x-ms-client-request-id': '4705a58c-56ba-11f1-a9e9-2e3bd8daa033'
    'Authorization': 'REDACTED'
A body is sent with the request
2026-05-23 11:15:48,595 DEBUG urllib3.connectionpool https://stasiprod1eus2.blob.core.windows.net:443 "PUT /healthcare/bronze/sdud/year%3D2022/data.csv.gz?comp=block&blockid=TURBd01EQXdNREF3TURBd01EQXdNREF3TURBd01EQXdPRGd3T0RBek9EUSUzRA%3D%3D HTTP/1.1" 201 0
2026-05-23 11:15:48,596 INFO  azure.core.pipeline.policies.http_logging_policy Response status: 201
Response headers:
    'Content-Length': '0'
    'Server': 'Windows-Azure-Blob/1.0 Microsoft-HTTPAPI/2.0'
    'x-ms-request-id': 'a4ae9cce-301e-006e-15c7-ea39ee000000'
    'x-ms-client-request-id': '4705a58c-56ba-11f1-a9e9-2e3bd8daa033'
    'x-ms-version': 'REDACTED'
    'x-ms-content-crc64': 'REDACTED'
    'x-ms-request-server-encrypted': 'REDACTED'
    'Date': 'Sat, 23 May 2026 15:15:48 GMT'
2026-05-23 11:15:48,599 INFO  azure.core.pipeline.policies.http_logging_policy Request URL: 'https://stasiprod1eus2.blob.core.windows.net/healthcare/bronze/sdud/year%3D2022/data.csv.gz?comp=REDACTED&blockid=REDACTED'
Request method: 'PUT'
Request headers:
    'Content-Length': '4194304'
    'x-ms-version': 'REDACTED'
    'Content-Type': 'application/octet-stream'
    'Accept': 'application/xml'
    'User-Agent': 'azsdk-python-storage-blob/12.28.0 Python/3.14.4 (macOS-26.5-arm64-arm-64bit-Mach-O)'
    'x-ms-date': 'REDACTED'
    'x-ms-client-request-id': '475717aa-56ba-11f1-a9e9-2e3bd8daa033'
    'Authorization': 'REDACTED'
A body is sent with the request
2026-05-23 11:15:49,102 DEBUG urllib3.connectionpool https://stasiprod1eus2.blob.core.windows.net:443 "PUT /healthcare/bronze/sdud/year%3D2022/data.csv.gz?comp=block&blockid=TURBd01EQXdNREF3TURBd01EQXdNREF3TURBd01EQXdPVEl5TnpRMk9EZyUzRA%3D%3D HTTP/1.1" 201 0
2026-05-23 11:15:49,103 INFO  azure.core.pipeline.policies.http_logging_policy Response status: 201
Response headers:
    'Content-Length': '0'
    'Server': 'Windows-Azure-Blob/1.0 Microsoft-HTTPAPI/2.0'
    'x-ms-request-id': 'a4ae9f25-301e-006e-2ec7-ea39ee000000'
    'x-ms-client-request-id': '475717aa-56ba-11f1-a9e9-2e3bd8daa033'
    'x-ms-version': 'REDACTED'
    'x-ms-content-crc64': 'REDACTED'
    'x-ms-request-server-encrypted': 'REDACTED'
    'Date': 'Sat, 23 May 2026 15:15:49 GMT'
2026-05-23 11:15:49,104 INFO  azure.core.pipeline.policies.http_logging_policy Request URL: 'https://stasiprod1eus2.blob.core.windows.net/healthcare/bronze/sdud/year%3D2022/data.csv.gz?comp=REDACTED&blockid=REDACTED'
Request method: 'PUT'
Request headers:
    'Content-Length': '1036247'
    'x-ms-version': 'REDACTED'
    'Content-Type': 'application/octet-stream'
    'Accept': 'application/xml'
    'User-Agent': 'azsdk-python-storage-blob/12.28.0 Python/3.14.4 (macOS-26.5-arm64-arm-64bit-Mach-O)'
    'x-ms-date': 'REDACTED'
    'x-ms-client-request-id': '47a42ffe-56ba-11f1-a9e9-2e3bd8daa033'
    'Authorization': 'REDACTED'
A body is sent with the request
2026-05-23 11:15:49,308 DEBUG urllib3.connectionpool https://stasiprod1eus2.blob.core.windows.net:443 "PUT /healthcare/bronze/sdud/year%3D2022/data.csv.gz?comp=block&blockid=TURBd01EQXdNREF3TURBd01EQXdNREF3TURBd01EQXdPVFkwTmpnNU9USSUzRA%3D%3D HTTP/1.1" 201 0
2026-05-23 11:15:49,308 INFO  azure.core.pipeline.policies.http_logging_policy Response status: 201
Response headers:
    'Content-Length': '0'
    'Server': 'Windows-Azure-Blob/1.0 Microsoft-HTTPAPI/2.0'
    'x-ms-request-id': 'a4aea147-301e-006e-02c7-ea39ee000000'
    'x-ms-client-request-id': '47a42ffe-56ba-11f1-a9e9-2e3bd8daa033'
    'x-ms-version': 'REDACTED'
    'x-ms-content-crc64': 'REDACTED'
    'x-ms-request-server-encrypted': 'REDACTED'
    'Date': 'Sat, 23 May 2026 15:15:49 GMT'
2026-05-23 11:15:49,310 INFO  azure.core.pipeline.policies.http_logging_policy Request URL: 'https://stasiprod1eus2.blob.core.windows.net/healthcare/bronze/sdud/year%3D2022/data.csv.gz?comp=REDACTED'
Request method: 'PUT'
Request headers:
    'Content-Length': '2006'
    'x-ms-version': 'REDACTED'
    'Content-Type': 'application/xml'
    'Accept': 'application/xml'
    'User-Agent': 'azsdk-python-storage-blob/12.28.0 Python/3.14.4 (macOS-26.5-arm64-arm-64bit-Mach-O)'
    'x-ms-date': 'REDACTED'
    'x-ms-client-request-id': '47c394c0-56ba-11f1-a9e9-2e3bd8daa033'
    'Authorization': 'REDACTED'
A body is sent with the request
2026-05-23 11:15:49,360 DEBUG urllib3.connectionpool https://stasiprod1eus2.blob.core.windows.net:443 "PUT /healthcare/bronze/sdud/year%3D2022/data.csv.gz?comp=blocklist HTTP/1.1" 201 0
2026-05-23 11:15:49,360 INFO  azure.core.pipeline.policies.http_logging_policy Response status: 201
Response headers:
    'Content-Length': '0'
    'Last-Modified': 'Sat, 23 May 2026 15:15:49 GMT'
    'ETag': '"0x8DEB8DE2BFF6E50"'
    'Server': 'Windows-Azure-Blob/1.0 Microsoft-HTTPAPI/2.0'
    'x-ms-request-id': 'a4aea22a-301e-006e-4fc7-ea39ee000000'
    'x-ms-client-request-id': '47c394c0-56ba-11f1-a9e9-2e3bd8daa033'
    'x-ms-version': 'REDACTED'
    'x-ms-content-crc64': 'REDACTED'
    'x-ms-request-server-encrypted': 'REDACTED'
    'Date': 'Sat, 23 May 2026 15:15:49 GMT'
2026-05-23 11:15:49,361 INFO  sdud_pull uploaded /tmp/sdud-stage/year=2022/data.csv.gz → az://stasiprod1eus2/healthcare/bronze/sdud/year=2022/data.csv.gz
2026-05-23 11:15:49,364 DEBUG urllib3.connectionpool Starting new HTTPS connection (1): data.medicaid.gov:443
2026-05-23 11:15:49,415 DEBUG urllib3.connectionpool https://data.medicaid.gov:443 "GET /api/1/metastore/schemas/dataset/items?limit=50&offset=0 HTTP/1.1" 200 72892
2026-05-23 11:15:49,449 INFO  sdud_pull GET https://download.medicaid.gov/data/sdud-2023-updated.csv
2026-05-23 11:15:49,450 DEBUG urllib3.connectionpool Starting new HTTPS connection (1): download.medicaid.gov:443
2026-05-23 11:15:49,623 DEBUG urllib3.connectionpool https://download.medicaid.gov:443 "GET /data/sdud-2023-updated.csv HTTP/1.1" 200 506110335
2026-05-23 11:16:00,486 INFO  sdud_pull year=2023 rows=5325080 in=506.1MB out=99.5MB dest=/tmp/sdud-stage/year=2023/data.csv.gz
2026-05-23 11:16:00,490 INFO  azure.core.pipeline.policies.http_logging_policy Request URL: 'https://stasiprod1eus2.blob.core.windows.net/healthcare/bronze/sdud/year%3D2023/data.csv.gz?comp=REDACTED&blockid=REDACTED'
Request method: 'PUT'
Request headers:
    'Content-Length': '4194304'
    'x-ms-version': 'REDACTED'
    'Content-Type': 'application/octet-stream'
    'Accept': 'application/xml'
    'User-Agent': 'azsdk-python-storage-blob/12.28.0 Python/3.14.4 (macOS-26.5-arm64-arm-64bit-Mach-O)'
    'x-ms-date': 'REDACTED'
    'x-ms-client-request-id': '4e6d9154-56ba-11f1-a9e9-2e3bd8daa033'
    'Authorization': 'REDACTED'
A body is sent with the request
2026-05-23 11:16:00,491 DEBUG urllib3.connectionpool Starting new HTTPS connection (1): stasiprod1eus2.blob.core.windows.net:443
2026-05-23 11:16:01,124 DEBUG urllib3.connectionpool https://stasiprod1eus2.blob.core.windows.net:443 "PUT /healthcare/bronze/sdud/year%3D2023/data.csv.gz?comp=block&blockid=TURBd01EQXdNREF3TURBd01EQXdNREF3TURBd01EQXdNREF3TURBd01EQSUzRA%3D%3D HTTP/1.1" 201 0
2026-05-23 11:16:01,125 INFO  azure.core.pipeline.policies.http_logging_policy Response status: 201
Response headers:
    'Content-Length': '0'
    'Server': 'Windows-Azure-Blob/1.0 Microsoft-HTTPAPI/2.0'
    'x-ms-request-id': 'cad86bc9-001e-0038-35c7-eac801000000'
    'x-ms-client-request-id': '4e6d9154-56ba-11f1-a9e9-2e3bd8daa033'
    'x-ms-version': 'REDACTED'
    'x-ms-content-crc64': 'REDACTED'
    'x-ms-request-server-encrypted': 'REDACTED'
    'Date': 'Sat, 23 May 2026 15:16:00 GMT'
2026-05-23 11:16:01,130 INFO  azure.core.pipeline.policies.http_logging_policy Request URL: 'https://stasiprod1eus2.blob.core.windows.net/healthcare/bronze/sdud/year%3D2023/data.csv.gz?comp=REDACTED&blockid=REDACTED'
Request method: 'PUT'
Request headers:
    'Content-Length': '4194304'
    'x-ms-version': 'REDACTED'
    'Content-Type': 'application/octet-stream'
    'Accept': 'application/xml'
    'User-Agent': 'azsdk-python-storage-blob/12.28.0 Python/3.14.4 (macOS-26.5-arm64-arm-64bit-Mach-O)'
    'x-ms-date': 'REDACTED'
    'x-ms-client-request-id': '4ecf3b5c-56ba-11f1-a9e9-2e3bd8daa033'
    'Authorization': 'REDACTED'
A body is sent with the request
2026-05-23 11:16:01,633 DEBUG urllib3.connectionpool https://stasiprod1eus2.blob.core.windows.net:443 "PUT /healthcare/bronze/sdud/year%3D2023/data.csv.gz?comp=block&blockid=TURBd01EQXdNREF3TURBd01EQXdNREF3TURBd01EQXdNRFF4T1RRek1EUSUzRA%3D%3D HTTP/1.1" 201 0
2026-05-23 11:16:01,633 INFO  azure.core.pipeline.policies.http_logging_policy Response status: 201
Response headers:
    'Content-Length': '0'
    'Server': 'Windows-Azure-Blob/1.0 Microsoft-HTTPAPI/2.0'
    'x-ms-request-id': 'cad86ed8-001e-0038-2cc7-eac801000000'
    'x-ms-client-request-id': '4ecf3b5c-56ba-11f1-a9e9-2e3bd8daa033'
    'x-ms-version': 'REDACTED'
    'x-ms-content-crc64': 'REDACTED'
    'x-ms-request-server-encrypted': 'REDACTED'
    'Date': 'Sat, 23 May 2026 15:16:00 GMT'
2026-05-23 11:16:01,636 INFO  azure.core.pipeline.policies.http_logging_policy Request URL: 'https://stasiprod1eus2.blob.core.windows.net/healthcare/bronze/sdud/year%3D2023/data.csv.gz?comp=REDACTED&blockid=REDACTED'
Request method: 'PUT'
Request headers:
    'Content-Length': '4194304'
    'x-ms-version': 'REDACTED'
    'Content-Type': 'application/octet-stream'
    'Accept': 'application/xml'
    'User-Agent': 'azsdk-python-storage-blob/12.28.0 Python/3.14.4 (macOS-26.5-arm64-arm-64bit-Mach-O)'
    'x-ms-date': 'REDACTED'
    'x-ms-client-request-id': '4f1c5464-56ba-11f1-a9e9-2e3bd8daa033'
    'Authorization': 'REDACTED'
A body is sent with the request
2026-05-23 11:16:02,114 DEBUG urllib3.connectionpool https://stasiprod1eus2.blob.core.windows.net:443 "PUT /healthcare/bronze/sdud/year%3D2023/data.csv.gz?comp=block&blockid=TURBd01EQXdNREF3TURBd01EQXdNREF3TURBd01EQXdNRGd6T0RnMk1EZyUzRA%3D%3D HTTP/1.1" 201 0
2026-05-23 11:16:02,114 INFO  azure.core.pipeline.policies.http_logging_policy Response status: 201
Response headers:
    'Content-Length': '0'
    'Server': 'Windows-Azure-Blob/1.0 Microsoft-HTTPAPI/2.0'
    'x-ms-request-id': 'cad87194-001e-0038-6ac7-eac801000000'
    'x-ms-client-request-id': '4f1c5464-56ba-11f1-a9e9-2e3bd8daa033'
    'x-ms-version': 'REDACTED'
    'x-ms-content-crc64': 'REDACTED'
    'x-ms-request-server-encrypted': 'REDACTED'
    'Date': 'Sat, 23 May 2026 15:16:01 GMT'
2026-05-23 11:16:02,118 INFO  azure.core.pipeline.policies.http_logging_policy Request URL: 'https://stasiprod1eus2.blob.core.windows.net/healthcare/bronze/sdud/year%3D2023/data.csv.gz?comp=REDACTED&blockid=REDACTED'
Request method: 'PUT'
Request headers:
    'Content-Length': '4194304'
    'x-ms-version': 'REDACTED'
    'Content-Type': 'application/octet-stream'
    'Accept': 'application/xml'
    'User-Agent': 'azsdk-python-storage-blob/12.28.0 Python/3.14.4 (macOS-26.5-arm64-arm-64bit-Mach-O)'
    'x-ms-date': 'REDACTED'
    'x-ms-client-request-id': '4f65fa7e-56ba-11f1-a9e9-2e3bd8daa033'
    'Authorization': 'REDACTED'
A body is sent with the request
2026-05-23 11:16:02,555 DEBUG urllib3.connectionpool https://stasiprod1eus2.blob.core.windows.net:443 "PUT /healthcare/bronze/sdud/year%3D2023/data.csv.gz?comp=block&blockid=TURBd01EQXdNREF3TURBd01EQXdNREF3TURBd01EQXdNVEkxT0RJNU1USSUzRA%3D%3D HTTP/1.1" 201 0
2026-05-23 11:16:02,556 INFO  azure.core.pipeline.policies.http_logging_policy Response status: 201
Response headers:
    'Content-Length': '0'
    'Server': 'Windows-Azure-Blob/1.0 Microsoft-HTTPAPI/2.0'
    'x-ms-request-id': 'cad8741e-001e-0038-79c7-eac801000000'
    'x-ms-client-request-id': '4f65fa7e-56ba-11f1-a9e9-2e3bd8daa033'
    'x-ms-version': 'REDACTED'
    'x-ms-content-crc64': 'REDACTED'
    'x-ms-request-server-encrypted': 'REDACTED'
    'Date': 'Sat, 23 May 2026 15:16:01 GMT'
2026-05-23 11:16:02,559 INFO  azure.core.pipeline.policies.http_logging_policy Request URL: 'https://stasiprod1eus2.blob.core.windows.net/healthcare/bronze/sdud/year%3D2023/data.csv.gz?comp=REDACTED&blockid=REDACTED'
Request method: 'PUT'
Request headers:
    'Content-Length': '4194304'
    'x-ms-version': 'REDACTED'
    'Content-Type': 'application/octet-stream'
    'Accept': 'application/xml'
    'User-Agent': 'azsdk-python-storage-blob/12.28.0 Python/3.14.4 (macOS-26.5-arm64-arm-64bit-Mach-O)'
    'x-ms-date': 'REDACTED'
    'x-ms-client-request-id': '4fa94176-56ba-11f1-a9e9-2e3bd8daa033'
    'Authorization': 'REDACTED'
A body is sent with the request
2026-05-23 11:16:03,070 DEBUG urllib3.connectionpool https://stasiprod1eus2.blob.core.windows.net:443 "PUT /healthcare/bronze/sdud/year%3D2023/data.csv.gz?comp=block&blockid=TURBd01EQXdNREF3TURBd01EQXdNREF3TURBd01EQXdNVFkzTnpjeU1UWSUzRA%3D%3D HTTP/1.1" 201 0
2026-05-23 11:16:03,071 INFO  azure.core.pipeline.policies.http_logging_policy Response status: 201
Response headers:
    'Content-Length': '0'
    'Server': 'Windows-Azure-Blob/1.0 Microsoft-HTTPAPI/2.0'
    'x-ms-request-id': 'cad87669-001e-0038-43c7-eac801000000'
    'x-ms-client-request-id': '4fa94176-56ba-11f1-a9e9-2e3bd8daa033'
    'x-ms-version': 'REDACTED'
    'x-ms-content-crc64': 'REDACTED'
    'x-ms-request-server-encrypted': 'REDACTED'
    'Date': 'Sat, 23 May 2026 15:16:02 GMT'
2026-05-23 11:16:03,074 INFO  azure.core.pipeline.policies.http_logging_policy Request URL: 'https://stasiprod1eus2.blob.core.windows.net/healthcare/bronze/sdud/year%3D2023/data.csv.gz?comp=REDACTED&blockid=REDACTED'
Request method: 'PUT'
Request headers:
    'Content-Length': '4194304'
    'x-ms-version': 'REDACTED'
    'Content-Type': 'application/octet-stream'
    'Accept': 'application/xml'
    'User-Agent': 'azsdk-python-storage-blob/12.28.0 Python/3.14.4 (macOS-26.5-arm64-arm-64bit-Mach-O)'
    'x-ms-date': 'REDACTED'
    'x-ms-client-request-id': '4ff7b8f6-56ba-11f1-a9e9-2e3bd8daa033'
    'Authorization': 'REDACTED'
A body is sent with the request
2026-05-23 11:16:03,543 DEBUG urllib3.connectionpool https://stasiprod1eus2.blob.core.windows.net:443 "PUT /healthcare/bronze/sdud/year%3D2023/data.csv.gz?comp=block&blockid=TURBd01EQXdNREF3TURBd01EQXdNREF3TURBd01EQXdNakE1TnpFMU1qQSUzRA%3D%3D HTTP/1.1" 201 0
2026-05-23 11:16:03,543 INFO  azure.core.pipeline.policies.http_logging_policy Response status: 201
Response headers:
    'Content-Length': '0'
    'Server': 'Windows-Azure-Blob/1.0 Microsoft-HTTPAPI/2.0'
    'x-ms-request-id': 'cad8792b-001e-0038-62c7-eac801000000'
    'x-ms-client-request-id': '4ff7b8f6-56ba-11f1-a9e9-2e3bd8daa033'
    'x-ms-version': 'REDACTED'
    'x-ms-content-crc64': 'REDACTED'
    'x-ms-request-server-encrypted': 'REDACTED'
    'Date': 'Sat, 23 May 2026 15:16:02 GMT'
2026-05-23 11:16:03,544 INFO  azure.core.pipeline.policies.http_logging_policy Request URL: 'https://stasiprod1eus2.blob.core.windows.net/healthcare/bronze/sdud/year%3D2023/data.csv.gz?comp=REDACTED&blockid=REDACTED'
Request method: 'PUT'
Request headers:
    'Content-Length': '4194304'
    'x-ms-version': 'REDACTED'
    'Content-Type': 'application/octet-stream'
    'Accept': 'application/xml'
    'User-Agent': 'azsdk-python-storage-blob/12.28.0 Python/3.14.4 (macOS-26.5-arm64-arm-64bit-Mach-O)'
    'x-ms-date': 'REDACTED'
    'x-ms-client-request-id': '503f8bea-56ba-11f1-a9e9-2e3bd8daa033'
    'Authorization': 'REDACTED'
A body is sent with the request
2026-05-23 11:16:04,012 DEBUG urllib3.connectionpool https://stasiprod1eus2.blob.core.windows.net:443 "PUT /healthcare/bronze/sdud/year%3D2023/data.csv.gz?comp=block&blockid=TURBd01EQXdNREF3TURBd01EQXdNREF3TURBd01EQXdNalV4TmpVNE1qUSUzRA%3D%3D HTTP/1.1" 201 0
2026-05-23 11:16:04,013 INFO  azure.core.pipeline.policies.http_logging_policy Response status: 201
Response headers:
    'Content-Length': '0'
    'Server': 'Windows-Azure-Blob/1.0 Microsoft-HTTPAPI/2.0'
    'x-ms-request-id': 'cad87b81-001e-0038-2fc7-eac801000000'
    'x-ms-client-request-id': '503f8bea-56ba-11f1-a9e9-2e3bd8daa033'
    'x-ms-version': 'REDACTED'
    'x-ms-content-crc64': 'REDACTED'
    'x-ms-request-server-encrypted': 'REDACTED'
    'Date': 'Sat, 23 May 2026 15:16:03 GMT'
2026-05-23 11:16:04,015 INFO  azure.core.pipeline.policies.http_logging_policy Request URL: 'https://stasiprod1eus2.blob.core.windows.net/healthcare/bronze/sdud/year%3D2023/data.csv.gz?comp=REDACTED&blockid=REDACTED'
Request method: 'PUT'
Request headers:
    'Content-Length': '4194304'
    'x-ms-version': 'REDACTED'
    'Content-Type': 'application/octet-stream'
    'Accept': 'application/xml'
    'User-Agent': 'azsdk-python-storage-blob/12.28.0 Python/3.14.4 (macOS-26.5-arm64-arm-64bit-Mach-O)'
    'x-ms-date': 'REDACTED'
    'x-ms-client-request-id': '5087542a-56ba-11f1-a9e9-2e3bd8daa033'
    'Authorization': 'REDACTED'
A body is sent with the request
2026-05-23 11:16:04,590 DEBUG urllib3.connectionpool https://stasiprod1eus2.blob.core.windows.net:443 "PUT /healthcare/bronze/sdud/year%3D2023/data.csv.gz?comp=block&blockid=TURBd01EQXdNREF3TURBd01EQXdNREF3TURBd01EQXdNamt6TmpBeE1qZyUzRA%3D%3D HTTP/1.1" 201 0
2026-05-23 11:16:04,590 INFO  azure.core.pipeline.policies.http_logging_policy Response status: 201
Response headers:
    'Content-Length': '0'
    'Server': 'Windows-Azure-Blob/1.0 Microsoft-HTTPAPI/2.0'
    'x-ms-request-id': 'cad87dbb-001e-0038-6bc7-eac801000000'
    'x-ms-client-request-id': '5087542a-56ba-11f1-a9e9-2e3bd8daa033'
    'x-ms-version': 'REDACTED'
    'x-ms-content-crc64': 'REDACTED'
    'x-ms-request-server-encrypted': 'REDACTED'
    'Date': 'Sat, 23 May 2026 15:16:03 GMT'
2026-05-23 11:16:04,592 INFO  azure.core.pipeline.policies.http_logging_policy Request URL: 'https://stasiprod1eus2.blob.core.windows.net/healthcare/bronze/sdud/year%3D2023/data.csv.gz?comp=REDACTED&blockid=REDACTED'
Request method: 'PUT'
Request headers:
    'Content-Length': '4194304'
    'x-ms-version': 'REDACTED'
    'Content-Type': 'application/octet-stream'
    'Accept': 'application/xml'
    'User-Agent': 'azsdk-python-storage-blob/12.28.0 Python/3.14.4 (macOS-26.5-arm64-arm-64bit-Mach-O)'
    'x-ms-date': 'REDACTED'
    'x-ms-client-request-id': '50df793e-56ba-11f1-a9e9-2e3bd8daa033'
    'Authorization': 'REDACTED'
A body is sent with the request
2026-05-23 11:16:05,099 DEBUG urllib3.connectionpool https://stasiprod1eus2.blob.core.windows.net:443 "PUT /healthcare/bronze/sdud/year%3D2023/data.csv.gz?comp=block&blockid=TURBd01EQXdNREF3TURBd01EQXdNREF3TURBd01EQXdNek0xTlRRME16SSUzRA%3D%3D HTTP/1.1" 201 0
2026-05-23 11:16:05,100 INFO  azure.core.pipeline.policies.http_logging_policy Response status: 201
Response headers:
    'Content-Length': '0'
    'Server': 'Windows-Azure-Blob/1.0 Microsoft-HTTPAPI/2.0'
    'x-ms-request-id': 'cad88079-001e-0038-1ec7-eac801000000'
    'x-ms-client-request-id': '50df793e-56ba-11f1-a9e9-2e3bd8daa033'
    'x-ms-version': 'REDACTED'
    'x-ms-content-crc64': 'REDACTED'
    'x-ms-request-server-encrypted': 'REDACTED'
    'Date': 'Sat, 23 May 2026 15:16:04 GMT'
2026-05-23 11:16:05,101 INFO  azure.core.pipeline.policies.http_logging_policy Request URL: 'https://stasiprod1eus2.blob.core.windows.net/healthcare/bronze/sdud/year%3D2023/data.csv.gz?comp=REDACTED&blockid=REDACTED'
Request method: 'PUT'
Request headers:
    'Content-Length': '4194304'
    'x-ms-version': 'REDACTED'
    'Content-Type': 'application/octet-stream'
    'Accept': 'application/xml'
    'User-Agent': 'azsdk-python-storage-blob/12.28.0 Python/3.14.4 (macOS-26.5-arm64-arm-64bit-Mach-O)'
    'x-ms-date': 'REDACTED'
    'x-ms-client-request-id': '512d247c-56ba-11f1-a9e9-2e3bd8daa033'
    'Authorization': 'REDACTED'
A body is sent with the request
2026-05-23 11:16:05,653 DEBUG urllib3.connectionpool https://stasiprod1eus2.blob.core.windows.net:443 "PUT /healthcare/bronze/sdud/year%3D2023/data.csv.gz?comp=block&blockid=TURBd01EQXdNREF3TURBd01EQXdNREF3TURBd01EQXdNemMzTkRnM016WSUzRA%3D%3D HTTP/1.1" 201 0
2026-05-23 11:16:05,655 INFO  azure.core.pipeline.policies.http_logging_policy Response status: 201
Response headers:
    'Content-Length': '0'
    'Server': 'Windows-Azure-Blob/1.0 Microsoft-HTTPAPI/2.0'
    'x-ms-request-id': 'cad88309-001e-0038-2fc7-eac801000000'
    'x-ms-client-request-id': '512d247c-56ba-11f1-a9e9-2e3bd8daa033'
    'x-ms-version': 'REDACTED'
    'x-ms-content-crc64': 'REDACTED'
    'x-ms-request-server-encrypted': 'REDACTED'
    'Date': 'Sat, 23 May 2026 15:16:04 GMT'
2026-05-23 11:16:05,658 INFO  azure.core.pipeline.policies.http_logging_policy Request URL: 'https://stasiprod1eus2.blob.core.windows.net/healthcare/bronze/sdud/year%3D2023/data.csv.gz?comp=REDACTED&blockid=REDACTED'
Request method: 'PUT'
Request headers:
    'Content-Length': '4194304'
    'x-ms-version': 'REDACTED'
    'Content-Type': 'application/octet-stream'
    'Accept': 'application/xml'
    'User-Agent': 'azsdk-python-storage-blob/12.28.0 Python/3.14.4 (macOS-26.5-arm64-arm-64bit-Mach-O)'
    'x-ms-date': 'REDACTED'
    'x-ms-client-request-id': '51821a40-56ba-11f1-a9e9-2e3bd8daa033'
    'Authorization': 'REDACTED'
A body is sent with the request
2026-05-23 11:16:06,129 DEBUG urllib3.connectionpool https://stasiprod1eus2.blob.core.windows.net:443 "PUT /healthcare/bronze/sdud/year%3D2023/data.csv.gz?comp=block&blockid=TURBd01EQXdNREF3TURBd01EQXdNREF3TURBd01EQXdOREU1TkRNd05EQSUzRA%3D%3D HTTP/1.1" 201 0
2026-05-23 11:16:06,130 INFO  azure.core.pipeline.policies.http_logging_policy Response status: 201
Response headers:
    'Content-Length': '0'
    'Server': 'Windows-Azure-Blob/1.0 Microsoft-HTTPAPI/2.0'
    'x-ms-request-id': 'cad88608-001e-0038-31c7-eac801000000'
    'x-ms-client-request-id': '51821a40-56ba-11f1-a9e9-2e3bd8daa033'
    'x-ms-version': 'REDACTED'
    'x-ms-content-crc64': 'REDACTED'
    'x-ms-request-server-encrypted': 'REDACTED'
    'Date': 'Sat, 23 May 2026 15:16:05 GMT'
2026-05-23 11:16:06,133 INFO  azure.core.pipeline.policies.http_logging_policy Request URL: 'https://stasiprod1eus2.blob.core.windows.net/healthcare/bronze/sdud/year%3D2023/data.csv.gz?comp=REDACTED&blockid=REDACTED'
Request method: 'PUT'
Request headers:
    'Content-Length': '4194304'
    'x-ms-version': 'REDACTED'
    'Content-Type': 'application/octet-stream'
    'Accept': 'application/xml'
    'User-Agent': 'azsdk-python-storage-blob/12.28.0 Python/3.14.4 (macOS-26.5-arm64-arm-64bit-Mach-O)'
    'x-ms-date': 'REDACTED'
    'x-ms-client-request-id': '51ca96ee-56ba-11f1-a9e9-2e3bd8daa033'
    'Authorization': 'REDACTED'
A body is sent with the request
2026-05-23 11:16:06,695 DEBUG urllib3.connectionpool https://stasiprod1eus2.blob.core.windows.net:443 "PUT /healthcare/bronze/sdud/year%3D2023/data.csv.gz?comp=block&blockid=TURBd01EQXdNREF3TURBd01EQXdNREF3TURBd01EQXdORFl4TXpjek5EUSUzRA%3D%3D HTTP/1.1" 201 0
2026-05-23 11:16:06,696 INFO  azure.core.pipeline.policies.http_logging_policy Response status: 201
Response headers:
    'Content-Length': '0'
    'Server': 'Windows-Azure-Blob/1.0 Microsoft-HTTPAPI/2.0'
    'x-ms-request-id': 'cad8888a-001e-0038-75c7-eac801000000'
    'x-ms-client-request-id': '51ca96ee-56ba-11f1-a9e9-2e3bd8daa033'
    'x-ms-version': 'REDACTED'
    'x-ms-content-crc64': 'REDACTED'
    'x-ms-request-server-encrypted': 'REDACTED'
    'Date': 'Sat, 23 May 2026 15:16:05 GMT'
2026-05-23 11:16:06,699 INFO  azure.core.pipeline.policies.http_logging_policy Request URL: 'https://stasiprod1eus2.blob.core.windows.net/healthcare/bronze/sdud/year%3D2023/data.csv.gz?comp=REDACTED&blockid=REDACTED'
Request method: 'PUT'
Request headers:
    'Content-Length': '4194304'
    'x-ms-version': 'REDACTED'
    'Content-Type': 'application/octet-stream'
    'Accept': 'application/xml'
    'User-Agent': 'azsdk-python-storage-blob/12.28.0 Python/3.14.4 (macOS-26.5-arm64-arm-64bit-Mach-O)'
    'x-ms-date': 'REDACTED'
    'x-ms-client-request-id': '5220e4ea-56ba-11f1-a9e9-2e3bd8daa033'
    'Authorization': 'REDACTED'
A body is sent with the request
2026-05-23 11:16:07,231 DEBUG urllib3.connectionpool https://stasiprod1eus2.blob.core.windows.net:443 "PUT /healthcare/bronze/sdud/year%3D2023/data.csv.gz?comp=block&blockid=TURBd01EQXdNREF3TURBd01EQXdNREF3TURBd01EQXdOVEF6TXpFMk5EZyUzRA%3D%3D HTTP/1.1" 201 0
2026-05-23 11:16:07,231 INFO  azure.core.pipeline.policies.http_logging_policy Response status: 201
Response headers:
    'Content-Length': '0'
    'Server': 'Windows-Azure-Blob/1.0 Microsoft-HTTPAPI/2.0'
    'x-ms-request-id': 'cad88b13-001e-0038-35c7-eac801000000'
    'x-ms-client-request-id': '5220e4ea-56ba-11f1-a9e9-2e3bd8daa033'
    'x-ms-version': 'REDACTED'
    'x-ms-content-crc64': 'REDACTED'
    'x-ms-request-server-encrypted': 'REDACTED'
    'Date': 'Sat, 23 May 2026 15:16:06 GMT'
2026-05-23 11:16:07,234 INFO  azure.core.pipeline.policies.http_logging_policy Request URL: 'https://stasiprod1eus2.blob.core.windows.net/healthcare/bronze/sdud/year%3D2023/data.csv.gz?comp=REDACTED&blockid=REDACTED'
Request method: 'PUT'
Request headers:
    'Content-Length': '4194304'
    'x-ms-version': 'REDACTED'
    'Content-Type': 'application/octet-stream'
    'Accept': 'application/xml'
    'User-Agent': 'azsdk-python-storage-blob/12.28.0 Python/3.14.4 (macOS-26.5-arm64-arm-64bit-Mach-O)'
    'x-ms-date': 'REDACTED'
    'x-ms-client-request-id': '52729470-56ba-11f1-a9e9-2e3bd8daa033'
    'Authorization': 'REDACTED'
A body is sent with the request
2026-05-23 11:16:07,674 DEBUG urllib3.connectionpool https://stasiprod1eus2.blob.core.windows.net:443 "PUT /healthcare/bronze/sdud/year%3D2023/data.csv.gz?comp=block&blockid=TURBd01EQXdNREF3TURBd01EQXdNREF3TURBd01EQXdOVFExTWpVNU5USSUzRA%3D%3D HTTP/1.1" 201 0
2026-05-23 11:16:07,674 INFO  azure.core.pipeline.policies.http_logging_policy Response status: 201
Response headers:
    'Content-Length': '0'
    'Server': 'Windows-Azure-Blob/1.0 Microsoft-HTTPAPI/2.0'
    'x-ms-request-id': 'cad88dcd-001e-0038-24c7-eac801000000'
    'x-ms-client-request-id': '52729470-56ba-11f1-a9e9-2e3bd8daa033'
    'x-ms-version': 'REDACTED'
    'x-ms-content-crc64': 'REDACTED'
    'x-ms-request-server-encrypted': 'REDACTED'
    'Date': 'Sat, 23 May 2026 15:16:06 GMT'
2026-05-23 11:16:07,677 INFO  azure.core.pipeline.policies.http_logging_policy Request URL: 'https://stasiprod1eus2.blob.core.windows.net/healthcare/bronze/sdud/year%3D2023/data.csv.gz?comp=REDACTED&blockid=REDACTED'
Request method: 'PUT'
Request headers:
    'Content-Length': '4194304'
    'x-ms-version': 'REDACTED'
    'Content-Type': 'application/octet-stream'
    'Accept': 'application/xml'
    'User-Agent': 'azsdk-python-storage-blob/12.28.0 Python/3.14.4 (macOS-26.5-arm64-arm-64bit-Mach-O)'
    'x-ms-date': 'REDACTED'
    'x-ms-client-request-id': '52b61cb8-56ba-11f1-a9e9-2e3bd8daa033'
    'Authorization': 'REDACTED'
A body is sent with the request
2026-05-23 11:16:08,155 DEBUG urllib3.connectionpool https://stasiprod1eus2.blob.core.windows.net:443 "PUT /healthcare/bronze/sdud/year%3D2023/data.csv.gz?comp=block&blockid=TURBd01EQXdNREF3TURBd01EQXdNREF3TURBd01EQXdOVGczTWpBeU5UWSUzRA%3D%3D HTTP/1.1" 201 0
2026-05-23 11:16:08,156 INFO  azure.core.pipeline.policies.http_logging_policy Response status: 201
Response headers:
    'Content-Length': '0'
    'Server': 'Windows-Azure-Blob/1.0 Microsoft-HTTPAPI/2.0'
    'x-ms-request-id': 'cad88fcf-001e-0038-65c7-eac801000000'
    'x-ms-client-request-id': '52b61cb8-56ba-11f1-a9e9-2e3bd8daa033'
    'x-ms-version': 'REDACTED'
    'x-ms-content-crc64': 'REDACTED'
    'x-ms-request-server-encrypted': 'REDACTED'
    'Date': 'Sat, 23 May 2026 15:16:07 GMT'
2026-05-23 11:16:08,159 INFO  azure.core.pipeline.policies.http_logging_policy Request URL: 'https://stasiprod1eus2.blob.core.windows.net/healthcare/bronze/sdud/year%3D2023/data.csv.gz?comp=REDACTED&blockid=REDACTED'
Request method: 'PUT'
Request headers:
    'Content-Length': '4194304'
    'x-ms-version': 'REDACTED'
    'Content-Type': 'application/octet-stream'
    'Accept': 'application/xml'
    'User-Agent': 'azsdk-python-storage-blob/12.28.0 Python/3.14.4 (macOS-26.5-arm64-arm-64bit-Mach-O)'
    'x-ms-date': 'REDACTED'
    'x-ms-client-request-id': '52ffc674-56ba-11f1-a9e9-2e3bd8daa033'
    'Authorization': 'REDACTED'
A body is sent with the request
2026-05-23 11:16:08,646 DEBUG urllib3.connectionpool https://stasiprod1eus2.blob.core.windows.net:443 "PUT /healthcare/bronze/sdud/year%3D2023/data.csv.gz?comp=block&blockid=TURBd01EQXdNREF3TURBd01EQXdNREF3TURBd01EQXdOakk1TVRRMU5qQSUzRA%3D%3D HTTP/1.1" 201 0
2026-05-23 11:16:08,647 INFO  azure.core.pipeline.policies.http_logging_policy Response status: 201
Response headers:
    'Content-Length': '0'
    'Server': 'Windows-Azure-Blob/1.0 Microsoft-HTTPAPI/2.0'
    'x-ms-request-id': 'cad89237-001e-0038-7fc7-eac801000000'
    'x-ms-client-request-id': '52ffc674-56ba-11f1-a9e9-2e3bd8daa033'
    'x-ms-version': 'REDACTED'
    'x-ms-content-crc64': 'REDACTED'
    'x-ms-request-server-encrypted': 'REDACTED'
    'Date': 'Sat, 23 May 2026 15:16:07 GMT'
2026-05-23 11:16:08,651 INFO  azure.core.pipeline.policies.http_logging_policy Request URL: 'https://stasiprod1eus2.blob.core.windows.net/healthcare/bronze/sdud/year%3D2023/data.csv.gz?comp=REDACTED&blockid=REDACTED'
Request method: 'PUT'
Request headers:
    'Content-Length': '4194304'
    'x-ms-version': 'REDACTED'
    'Content-Type': 'application/octet-stream'
    'Accept': 'application/xml'
    'User-Agent': 'azsdk-python-storage-blob/12.28.0 Python/3.14.4 (macOS-26.5-arm64-arm-64bit-Mach-O)'
    'x-ms-date': 'REDACTED'
    'x-ms-client-request-id': '534abf44-56ba-11f1-a9e9-2e3bd8daa033'
    'Authorization': 'REDACTED'
A body is sent with the request
2026-05-23 11:16:09,223 DEBUG urllib3.connectionpool https://stasiprod1eus2.blob.core.windows.net:443 "PUT /healthcare/bronze/sdud/year%3D2023/data.csv.gz?comp=block&blockid=TURBd01EQXdNREF3TURBd01EQXdNREF3TURBd01EQXdOamN4TURnNE5qUSUzRA%3D%3D HTTP/1.1" 201 0
2026-05-23 11:16:09,223 INFO  azure.core.pipeline.policies.http_logging_policy Response status: 201
Response headers:
    'Content-Length': '0'
    'Server': 'Windows-Azure-Blob/1.0 Microsoft-HTTPAPI/2.0'
    'x-ms-request-id': 'cad894b0-001e-0038-30c7-eac801000000'
    'x-ms-client-request-id': '534abf44-56ba-11f1-a9e9-2e3bd8daa033'
    'x-ms-version': 'REDACTED'
    'x-ms-content-crc64': 'REDACTED'
    'x-ms-request-server-encrypted': 'REDACTED'
    'Date': 'Sat, 23 May 2026 15:16:08 GMT'
2026-05-23 11:16:09,226 INFO  azure.core.pipeline.policies.http_logging_policy Request URL: 'https://stasiprod1eus2.blob.core.windows.net/healthcare/bronze/sdud/year%3D2023/data.csv.gz?comp=REDACTED&blockid=REDACTED'
Request method: 'PUT'
Request headers:
    'Content-Length': '4194304'
    'x-ms-version': 'REDACTED'
    'Content-Type': 'application/octet-stream'
    'Accept': 'application/xml'
    'User-Agent': 'azsdk-python-storage-blob/12.28.0 Python/3.14.4 (macOS-26.5-arm64-arm-64bit-Mach-O)'
    'x-ms-date': 'REDACTED'
    'x-ms-client-request-id': '53a295c0-56ba-11f1-a9e9-2e3bd8daa033'
    'Authorization': 'REDACTED'
A body is sent with the request
2026-05-23 11:16:09,727 DEBUG urllib3.connectionpool https://stasiprod1eus2.blob.core.windows.net:443 "PUT /healthcare/bronze/sdud/year%3D2023/data.csv.gz?comp=block&blockid=TURBd01EQXdNREF3TURBd01EQXdNREF3TURBd01EQXdOekV6TURNeE5qZyUzRA%3D%3D HTTP/1.1" 201 0
2026-05-23 11:16:09,727 INFO  azure.core.pipeline.policies.http_logging_policy Response status: 201
Response headers:
    'Content-Length': '0'
    'Server': 'Windows-Azure-Blob/1.0 Microsoft-HTTPAPI/2.0'
    'x-ms-request-id': 'cad896e9-001e-0038-33c7-eac801000000'
    'x-ms-client-request-id': '53a295c0-56ba-11f1-a9e9-2e3bd8daa033'
    'x-ms-version': 'REDACTED'
    'x-ms-content-crc64': 'REDACTED'
    'x-ms-request-server-encrypted': 'REDACTED'
    'Date': 'Sat, 23 May 2026 15:16:08 GMT'
2026-05-23 11:16:09,729 INFO  azure.core.pipeline.policies.http_logging_policy Request URL: 'https://stasiprod1eus2.blob.core.windows.net/healthcare/bronze/sdud/year%3D2023/data.csv.gz?comp=REDACTED&blockid=REDACTED'
Request method: 'PUT'
Request headers:
    'Content-Length': '4194304'
    'x-ms-version': 'REDACTED'
    'Content-Type': 'application/octet-stream'
    'Accept': 'application/xml'
    'User-Agent': 'azsdk-python-storage-blob/12.28.0 Python/3.14.4 (macOS-26.5-arm64-arm-64bit-Mach-O)'
    'x-ms-date': 'REDACTED'
    'x-ms-client-request-id': '53ef3c5e-56ba-11f1-a9e9-2e3bd8daa033'
    'Authorization': 'REDACTED'
A body is sent with the request
2026-05-23 11:16:10,201 DEBUG urllib3.connectionpool https://stasiprod1eus2.blob.core.windows.net:443 "PUT /healthcare/bronze/sdud/year%3D2023/data.csv.gz?comp=block&blockid=TURBd01EQXdNREF3TURBd01EQXdNREF3TURBd01EQXdOelUwT1RjME56SSUzRA%3D%3D HTTP/1.1" 201 0
2026-05-23 11:16:10,202 INFO  azure.core.pipeline.policies.http_logging_policy Response status: 201
Response headers:
    'Content-Length': '0'
    'Server': 'Windows-Azure-Blob/1.0 Microsoft-HTTPAPI/2.0'
    'x-ms-request-id': 'cad89982-001e-0038-02c7-eac801000000'
    'x-ms-client-request-id': '53ef3c5e-56ba-11f1-a9e9-2e3bd8daa033'
    'x-ms-version': 'REDACTED'
    'x-ms-content-crc64': 'REDACTED'
    'x-ms-request-server-encrypted': 'REDACTED'
    'Date': 'Sat, 23 May 2026 15:16:09 GMT'
2026-05-23 11:16:10,206 INFO  azure.core.pipeline.policies.http_logging_policy Request URL: 'https://stasiprod1eus2.blob.core.windows.net/healthcare/bronze/sdud/year%3D2023/data.csv.gz?comp=REDACTED&blockid=REDACTED'
Request method: 'PUT'
Request headers:
    'Content-Length': '4194304'
    'x-ms-version': 'REDACTED'
    'Content-Type': 'application/octet-stream'
    'Accept': 'application/xml'
    'User-Agent': 'azsdk-python-storage-blob/12.28.0 Python/3.14.4 (macOS-26.5-arm64-arm-64bit-Mach-O)'
    'x-ms-date': 'REDACTED'
    'x-ms-client-request-id': '54380ee8-56ba-11f1-a9e9-2e3bd8daa033'
    'Authorization': 'REDACTED'
A body is sent with the request
2026-05-23 11:16:10,694 DEBUG urllib3.connectionpool https://stasiprod1eus2.blob.core.windows.net:443 "PUT /healthcare/bronze/sdud/year%3D2023/data.csv.gz?comp=block&blockid=TURBd01EQXdNREF3TURBd01EQXdNREF3TURBd01EQXdOemsyT1RFM056WSUzRA%3D%3D HTTP/1.1" 201 0
2026-05-23 11:16:10,695 INFO  azure.core.pipeline.policies.http_logging_policy Response status: 201
Response headers:
    'Content-Length': '0'
    'Server': 'Windows-Azure-Blob/1.0 Microsoft-HTTPAPI/2.0'
    'x-ms-request-id': 'cad89bfb-001e-0038-28c7-eac801000000'
    'x-ms-client-request-id': '54380ee8-56ba-11f1-a9e9-2e3bd8daa033'
    'x-ms-version': 'REDACTED'
    'x-ms-content-crc64': 'REDACTED'
    'x-ms-request-server-encrypted': 'REDACTED'
    'Date': 'Sat, 23 May 2026 15:16:09 GMT'
2026-05-23 11:16:10,699 INFO  azure.core.pipeline.policies.http_logging_policy Request URL: 'https://stasiprod1eus2.blob.core.windows.net/healthcare/bronze/sdud/year%3D2023/data.csv.gz?comp=REDACTED&blockid=REDACTED'
Request method: 'PUT'
Request headers:
    'Content-Length': '4194304'
    'x-ms-version': 'REDACTED'
    'Content-Type': 'application/octet-stream'
    'Accept': 'application/xml'
    'User-Agent': 'azsdk-python-storage-blob/12.28.0 Python/3.14.4 (macOS-26.5-arm64-arm-64bit-Mach-O)'
    'x-ms-date': 'REDACTED'
    'x-ms-client-request-id': '54834a8e-56ba-11f1-a9e9-2e3bd8daa033'
    'Authorization': 'REDACTED'
A body is sent with the request
2026-05-23 11:16:11,182 DEBUG urllib3.connectionpool https://stasiprod1eus2.blob.core.windows.net:443 "PUT /healthcare/bronze/sdud/year%3D2023/data.csv.gz?comp=block&blockid=TURBd01EQXdNREF3TURBd01EQXdNREF3TURBd01EQXdPRE00T0RZd09EQSUzRA%3D%3D HTTP/1.1" 201 0
2026-05-23 11:16:11,183 INFO  azure.core.pipeline.policies.http_logging_policy Response status: 201
Response headers:
    'Content-Length': '0'
    'Server': 'Windows-Azure-Blob/1.0 Microsoft-HTTPAPI/2.0'
    'x-ms-request-id': 'cad89e61-001e-0038-3ec7-eac801000000'
    'x-ms-client-request-id': '54834a8e-56ba-11f1-a9e9-2e3bd8daa033'
    'x-ms-version': 'REDACTED'
    'x-ms-content-crc64': 'REDACTED'
    'x-ms-request-server-encrypted': 'REDACTED'
    'Date': 'Sat, 23 May 2026 15:16:10 GMT'
2026-05-23 11:16:11,187 INFO  azure.core.pipeline.policies.http_logging_policy Request URL: 'https://stasiprod1eus2.blob.core.windows.net/healthcare/bronze/sdud/year%3D2023/data.csv.gz?comp=REDACTED&blockid=REDACTED'
Request method: 'PUT'
Request headers:
    'Content-Length': '4194304'
    'x-ms-version': 'REDACTED'
    'Content-Type': 'application/octet-stream'
    'Accept': 'application/xml'
    'User-Agent': 'azsdk-python-storage-blob/12.28.0 Python/3.14.4 (macOS-26.5-arm64-arm-64bit-Mach-O)'
    'x-ms-date': 'REDACTED'
    'x-ms-client-request-id': '54cdb150-56ba-11f1-a9e9-2e3bd8daa033'
    'Authorization': 'REDACTED'
A body is sent with the request
2026-05-23 11:16:11,735 DEBUG urllib3.connectionpool https://stasiprod1eus2.blob.core.windows.net:443 "PUT /healthcare/bronze/sdud/year%3D2023/data.csv.gz?comp=block&blockid=TURBd01EQXdNREF3TURBd01EQXdNREF3TURBd01EQXdPRGd3T0RBek9EUSUzRA%3D%3D HTTP/1.1" 201 0
2026-05-23 11:16:11,736 INFO  azure.core.pipeline.policies.http_logging_policy Response status: 201
Response headers:
    'Content-Length': '0'
    'Server': 'Windows-Azure-Blob/1.0 Microsoft-HTTPAPI/2.0'
    'x-ms-request-id': 'cad8a0ad-001e-0038-43c7-eac801000000'
    'x-ms-client-request-id': '54cdb150-56ba-11f1-a9e9-2e3bd8daa033'
    'x-ms-version': 'REDACTED'
    'x-ms-content-crc64': 'REDACTED'
    'x-ms-request-server-encrypted': 'REDACTED'
    'Date': 'Sat, 23 May 2026 15:16:10 GMT'
2026-05-23 11:16:11,739 INFO  azure.core.pipeline.policies.http_logging_policy Request URL: 'https://stasiprod1eus2.blob.core.windows.net/healthcare/bronze/sdud/year%3D2023/data.csv.gz?comp=REDACTED&blockid=REDACTED'
Request method: 'PUT'
Request headers:
    'Content-Length': '4194304'
    'x-ms-version': 'REDACTED'
    'Content-Type': 'application/octet-stream'
    'Accept': 'application/xml'
    'User-Agent': 'azsdk-python-storage-blob/12.28.0 Python/3.14.4 (macOS-26.5-arm64-arm-64bit-Mach-O)'
    'x-ms-date': 'REDACTED'
    'x-ms-client-request-id': '5521f6b6-56ba-11f1-a9e9-2e3bd8daa033'
    'Authorization': 'REDACTED'
A body is sent with the request
2026-05-23 11:16:12,228 DEBUG urllib3.connectionpool https://stasiprod1eus2.blob.core.windows.net:443 "PUT /healthcare/bronze/sdud/year%3D2023/data.csv.gz?comp=block&blockid=TURBd01EQXdNREF3TURBd01EQXdNREF3TURBd01EQXdPVEl5TnpRMk9EZyUzRA%3D%3D HTTP/1.1" 201 0
2026-05-23 11:16:12,229 INFO  azure.core.pipeline.policies.http_logging_policy Response status: 201
Response headers:
    'Content-Length': '0'
    'Server': 'Windows-Azure-Blob/1.0 Microsoft-HTTPAPI/2.0'
    'x-ms-request-id': 'cad8a2da-001e-0038-2ac7-eac801000000'
    'x-ms-client-request-id': '5521f6b6-56ba-11f1-a9e9-2e3bd8daa033'
    'x-ms-version': 'REDACTED'
    'x-ms-content-crc64': 'REDACTED'
    'x-ms-request-server-encrypted': 'REDACTED'
    'Date': 'Sat, 23 May 2026 15:16:11 GMT'
2026-05-23 11:16:12,232 INFO  azure.core.pipeline.policies.http_logging_policy Request URL: 'https://stasiprod1eus2.blob.core.windows.net/healthcare/bronze/sdud/year%3D2023/data.csv.gz?comp=REDACTED&blockid=REDACTED'
Request method: 'PUT'
Request headers:
    'Content-Length': '3001931'
    'x-ms-version': 'REDACTED'
    'Content-Type': 'application/octet-stream'
    'Accept': 'application/xml'
    'User-Agent': 'azsdk-python-storage-blob/12.28.0 Python/3.14.4 (macOS-26.5-arm64-arm-64bit-Mach-O)'
    'x-ms-date': 'REDACTED'
    'x-ms-client-request-id': '556d25e6-56ba-11f1-a9e9-2e3bd8daa033'
    'Authorization': 'REDACTED'
A body is sent with the request
2026-05-23 11:16:12,705 DEBUG urllib3.connectionpool https://stasiprod1eus2.blob.core.windows.net:443 "PUT /healthcare/bronze/sdud/year%3D2023/data.csv.gz?comp=block&blockid=TURBd01EQXdNREF3TURBd01EQXdNREF3TURBd01EQXdPVFkwTmpnNU9USSUzRA%3D%3D HTTP/1.1" 201 0
2026-05-23 11:16:12,706 INFO  azure.core.pipeline.policies.http_logging_policy Response status: 201
Response headers:
    'Content-Length': '0'
    'Server': 'Windows-Azure-Blob/1.0 Microsoft-HTTPAPI/2.0'
    'x-ms-request-id': 'cad8a54e-001e-0038-59c7-eac801000000'
    'x-ms-client-request-id': '556d25e6-56ba-11f1-a9e9-2e3bd8daa033'
    'x-ms-version': 'REDACTED'
    'x-ms-content-crc64': 'REDACTED'
    'x-ms-request-server-encrypted': 'REDACTED'
    'Date': 'Sat, 23 May 2026 15:16:11 GMT'
2026-05-23 11:16:12,709 INFO  azure.core.pipeline.policies.http_logging_policy Request URL: 'https://stasiprod1eus2.blob.core.windows.net/healthcare/bronze/sdud/year%3D2023/data.csv.gz?comp=REDACTED'
Request method: 'PUT'
Request headers:
    'Content-Length': '2006'
    'x-ms-version': 'REDACTED'
    'Content-Type': 'application/xml'
    'Accept': 'application/xml'
    'User-Agent': 'azsdk-python-storage-blob/12.28.0 Python/3.14.4 (macOS-26.5-arm64-arm-64bit-Mach-O)'
    'x-ms-date': 'REDACTED'
    'x-ms-client-request-id': '55b5e876-56ba-11f1-a9e9-2e3bd8daa033'
    'Authorization': 'REDACTED'
A body is sent with the request
2026-05-23 11:16:12,755 DEBUG urllib3.connectionpool https://stasiprod1eus2.blob.core.windows.net:443 "PUT /healthcare/bronze/sdud/year%3D2023/data.csv.gz?comp=blocklist HTTP/1.1" 201 0
2026-05-23 11:16:12,756 INFO  azure.core.pipeline.policies.http_logging_policy Response status: 201
Response headers:
    'Content-Length': '0'
    'Last-Modified': 'Sat, 23 May 2026 15:16:12 GMT'
    'ETag': '"0x8DEB8DE39F16424"'
    'Server': 'Windows-Azure-Blob/1.0 Microsoft-HTTPAPI/2.0'
    'x-ms-request-id': 'cad8a7a9-001e-0038-73c7-eac801000000'
    'x-ms-client-request-id': '55b5e876-56ba-11f1-a9e9-2e3bd8daa033'
    'x-ms-version': 'REDACTED'
    'x-ms-content-crc64': 'REDACTED'
    'x-ms-request-server-encrypted': 'REDACTED'
    'Date': 'Sat, 23 May 2026 15:16:11 GMT'
2026-05-23 11:16:12,757 INFO  sdud_pull uploaded /tmp/sdud-stage/year=2023/data.csv.gz → az://stasiprod1eus2/healthcare/bronze/sdud/year=2023/data.csv.gz
2026-05-23 11:16:12,762 DEBUG urllib3.connectionpool Starting new HTTPS connection (1): data.medicaid.gov:443
2026-05-23 11:16:12,845 DEBUG urllib3.connectionpool https://data.medicaid.gov:443 "GET /api/1/metastore/schemas/dataset/items?limit=50&offset=0 HTTP/1.1" 200 72892
2026-05-23 11:16:12,874 INFO  sdud_pull GET https://download.medicaid.gov/data/sdud-2024-updated.csv
2026-05-23 11:16:12,876 DEBUG urllib3.connectionpool Starting new HTTPS connection (1): download.medicaid.gov:443
2026-05-23 11:16:13,033 DEBUG urllib3.connectionpool https://download.medicaid.gov:443 "GET /data/sdud-2024-updated.csv HTTP/1.1" 200 503233719
2026-05-23 11:16:23,700 INFO  sdud_pull year=2024 rows=5304728 in=503.2MB out=98.3MB dest=/tmp/sdud-stage/year=2024/data.csv.gz
2026-05-23 11:16:23,704 INFO  azure.core.pipeline.policies.http_logging_policy Request URL: 'https://stasiprod1eus2.blob.core.windows.net/healthcare/bronze/sdud/year%3D2024/data.csv.gz?comp=REDACTED&blockid=REDACTED'
Request method: 'PUT'
Request headers:
    'Content-Length': '4194304'
    'x-ms-version': 'REDACTED'
    'Content-Type': 'application/octet-stream'
    'Accept': 'application/xml'
    'User-Agent': 'azsdk-python-storage-blob/12.28.0 Python/3.14.4 (macOS-26.5-arm64-arm-64bit-Mach-O)'
    'x-ms-date': 'REDACTED'
    'x-ms-client-request-id': '5c43b290-56ba-11f1-a9e9-2e3bd8daa033'
    'Authorization': 'REDACTED'
A body is sent with the request
2026-05-23 11:16:23,705 DEBUG urllib3.connectionpool Starting new HTTPS connection (1): stasiprod1eus2.blob.core.windows.net:443
2026-05-23 11:16:24,183 DEBUG urllib3.connectionpool https://stasiprod1eus2.blob.core.windows.net:443 "PUT /healthcare/bronze/sdud/year%3D2024/data.csv.gz?comp=block&blockid=TURBd01EQXdNREF3TURBd01EQXdNREF3TURBd01EQXdNREF3TURBd01EQSUzRA%3D%3D HTTP/1.1" 201 0
2026-05-23 11:16:24,184 INFO  azure.core.pipeline.policies.http_logging_policy Response status: 201
Response headers:
    'Content-Length': '0'
    'Server': 'Windows-Azure-Blob/1.0 Microsoft-HTTPAPI/2.0'
    'x-ms-request-id': 'a4a1b7a8-201e-0000-11c7-ea6cc1000000'
    'x-ms-client-request-id': '5c43b290-56ba-11f1-a9e9-2e3bd8daa033'
    'x-ms-version': 'REDACTED'
    'x-ms-content-crc64': 'REDACTED'
    'x-ms-request-server-encrypted': 'REDACTED'
    'Date': 'Sat, 23 May 2026 15:16:23 GMT'
2026-05-23 11:16:24,189 INFO  azure.core.pipeline.policies.http_logging_policy Request URL: 'https://stasiprod1eus2.blob.core.windows.net/healthcare/bronze/sdud/year%3D2024/data.csv.gz?comp=REDACTED&blockid=REDACTED'
Request method: 'PUT'
Request headers:
    'Content-Length': '4194304'
    'x-ms-version': 'REDACTED'
    'Content-Type': 'application/octet-stream'
    'Accept': 'application/xml'
    'User-Agent': 'azsdk-python-storage-blob/12.28.0 Python/3.14.4 (macOS-26.5-arm64-arm-64bit-Mach-O)'
    'x-ms-date': 'REDACTED'
    'x-ms-client-request-id': '5c8dac2e-56ba-11f1-a9e9-2e3bd8daa033'
    'Authorization': 'REDACTED'
A body is sent with the request
2026-05-23 11:16:24,655 DEBUG urllib3.connectionpool https://stasiprod1eus2.blob.core.windows.net:443 "PUT /healthcare/bronze/sdud/year%3D2024/data.csv.gz?comp=block&blockid=TURBd01EQXdNREF3TURBd01EQXdNREF3TURBd01EQXdNRFF4T1RRek1EUSUzRA%3D%3D HTTP/1.1" 201 0
2026-05-23 11:16:24,656 INFO  azure.core.pipeline.policies.http_logging_policy Response status: 201
Response headers:
    'Content-Length': '0'
    'Server': 'Windows-Azure-Blob/1.0 Microsoft-HTTPAPI/2.0'
    'x-ms-request-id': 'a4a1b98d-201e-0000-31c7-ea6cc1000000'
    'x-ms-client-request-id': '5c8dac2e-56ba-11f1-a9e9-2e3bd8daa033'
    'x-ms-version': 'REDACTED'
    'x-ms-content-crc64': 'REDACTED'
    'x-ms-request-server-encrypted': 'REDACTED'
    'Date': 'Sat, 23 May 2026 15:16:24 GMT'
2026-05-23 11:16:24,662 INFO  azure.core.pipeline.policies.http_logging_policy Request URL: 'https://stasiprod1eus2.blob.core.windows.net/healthcare/bronze/sdud/year%3D2024/data.csv.gz?comp=REDACTED&blockid=REDACTED'
Request method: 'PUT'
Request headers:
    'Content-Length': '4194304'
    'x-ms-version': 'REDACTED'
    'Content-Type': 'application/octet-stream'
    'Accept': 'application/xml'
    'User-Agent': 'azsdk-python-storage-blob/12.28.0 Python/3.14.4 (macOS-26.5-arm64-arm-64bit-Mach-O)'
    'x-ms-date': 'REDACTED'
    'x-ms-client-request-id': '5cd5ccfc-56ba-11f1-a9e9-2e3bd8daa033'
    'Authorization': 'REDACTED'
A body is sent with the request
2026-05-23 11:16:25,144 DEBUG urllib3.connectionpool https://stasiprod1eus2.blob.core.windows.net:443 "PUT /healthcare/bronze/sdud/year%3D2024/data.csv.gz?comp=block&blockid=TURBd01EQXdNREF3TURBd01EQXdNREF3TURBd01EQXdNRGd6T0RnMk1EZyUzRA%3D%3D HTTP/1.1" 201 0
2026-05-23 11:16:25,145 INFO  azure.core.pipeline.policies.http_logging_policy Response status: 201
Response headers:
    'Content-Length': '0'
    'Server': 'Windows-Azure-Blob/1.0 Microsoft-HTTPAPI/2.0'
    'x-ms-request-id': 'a4a1bbd9-201e-0000-2ac7-ea6cc1000000'
    'x-ms-client-request-id': '5cd5ccfc-56ba-11f1-a9e9-2e3bd8daa033'
    'x-ms-version': 'REDACTED'
    'x-ms-content-crc64': 'REDACTED'
    'x-ms-request-server-encrypted': 'REDACTED'
    'Date': 'Sat, 23 May 2026 15:16:24 GMT'
2026-05-23 11:16:25,149 INFO  azure.core.pipeline.policies.http_logging_policy Request URL: 'https://stasiprod1eus2.blob.core.windows.net/healthcare/bronze/sdud/year%3D2024/data.csv.gz?comp=REDACTED&blockid=REDACTED'
Request method: 'PUT'
Request headers:
    'Content-Length': '4194304'
    'x-ms-version': 'REDACTED'
    'Content-Type': 'application/octet-stream'
    'Accept': 'application/xml'
    'User-Agent': 'azsdk-python-storage-blob/12.28.0 Python/3.14.4 (macOS-26.5-arm64-arm-64bit-Mach-O)'
    'x-ms-date': 'REDACTED'
    'x-ms-client-request-id': '5d202d42-56ba-11f1-a9e9-2e3bd8daa033'
    'Authorization': 'REDACTED'
A body is sent with the request
2026-05-23 11:16:25,654 DEBUG urllib3.connectionpool https://stasiprod1eus2.blob.core.windows.net:443 "PUT /healthcare/bronze/sdud/year%3D2024/data.csv.gz?comp=block&blockid=TURBd01EQXdNREF3TURBd01EQXdNREF3TURBd01EQXdNVEkxT0RJNU1USSUzRA%3D%3D HTTP/1.1" 201 0
2026-05-23 11:16:25,656 INFO  azure.core.pipeline.policies.http_logging_policy Response status: 201
Response headers:
    'Content-Length': '0'
    'Server': 'Windows-Azure-Blob/1.0 Microsoft-HTTPAPI/2.0'
    'x-ms-request-id': 'a4a1bdd6-201e-0000-4fc7-ea6cc1000000'
    'x-ms-client-request-id': '5d202d42-56ba-11f1-a9e9-2e3bd8daa033'
    'x-ms-version': 'REDACTED'
    'x-ms-content-crc64': 'REDACTED'
    'x-ms-request-server-encrypted': 'REDACTED'
    'Date': 'Sat, 23 May 2026 15:16:25 GMT'
2026-05-23 11:16:25,661 INFO  azure.core.pipeline.policies.http_logging_policy Request URL: 'https://stasiprod1eus2.blob.core.windows.net/healthcare/bronze/sdud/year%3D2024/data.csv.gz?comp=REDACTED&blockid=REDACTED'
Request method: 'PUT'
Request headers:
    'Content-Length': '4194304'
    'x-ms-version': 'REDACTED'
    'Content-Type': 'application/octet-stream'
    'Accept': 'application/xml'
    'User-Agent': 'azsdk-python-storage-blob/12.28.0 Python/3.14.4 (macOS-26.5-arm64-arm-64bit-Mach-O)'
    'x-ms-date': 'REDACTED'
    'x-ms-client-request-id': '5d6e394c-56ba-11f1-a9e9-2e3bd8daa033'
    'Authorization': 'REDACTED'
A body is sent with the request
2026-05-23 11:16:26,084 DEBUG urllib3.connectionpool https://stasiprod1eus2.blob.core.windows.net:443 "PUT /healthcare/bronze/sdud/year%3D2024/data.csv.gz?comp=block&blockid=TURBd01EQXdNREF3TURBd01EQXdNREF3TURBd01EQXdNVFkzTnpjeU1UWSUzRA%3D%3D HTTP/1.1" 201 0
2026-05-23 11:16:26,085 INFO  azure.core.pipeline.policies.http_logging_policy Response status: 201
Response headers:
    'Content-Length': '0'
    'Server': 'Windows-Azure-Blob/1.0 Microsoft-HTTPAPI/2.0'
    'x-ms-request-id': 'a4a1c00e-201e-0000-20c7-ea6cc1000000'
    'x-ms-client-request-id': '5d6e394c-56ba-11f1-a9e9-2e3bd8daa033'
    'x-ms-version': 'REDACTED'
    'x-ms-content-crc64': 'REDACTED'
    'x-ms-request-server-encrypted': 'REDACTED'
    'Date': 'Sat, 23 May 2026 15:16:25 GMT'
2026-05-23 11:16:26,089 INFO  azure.core.pipeline.policies.http_logging_policy Request URL: 'https://stasiprod1eus2.blob.core.windows.net/healthcare/bronze/sdud/year%3D2024/data.csv.gz?comp=REDACTED&blockid=REDACTED'
Request method: 'PUT'
Request headers:
    'Content-Length': '4194304'
    'x-ms-version': 'REDACTED'
    'Content-Type': 'application/octet-stream'
    'Accept': 'application/xml'
    'User-Agent': 'azsdk-python-storage-blob/12.28.0 Python/3.14.4 (macOS-26.5-arm64-arm-64bit-Mach-O)'
    'x-ms-date': 'REDACTED'
    'x-ms-client-request-id': '5daf93d8-56ba-11f1-a9e9-2e3bd8daa033'
    'Authorization': 'REDACTED'
A body is sent with the request
2026-05-23 11:16:26,583 DEBUG urllib3.connectionpool https://stasiprod1eus2.blob.core.windows.net:443 "PUT /healthcare/bronze/sdud/year%3D2024/data.csv.gz?comp=block&blockid=TURBd01EQXdNREF3TURBd01EQXdNREF3TURBd01EQXdNakE1TnpFMU1qQSUzRA%3D%3D HTTP/1.1" 201 0
2026-05-23 11:16:26,584 INFO  azure.core.pipeline.policies.http_logging_policy Response status: 201
Response headers:
    'Content-Length': '0'
    'Server': 'Windows-Azure-Blob/1.0 Microsoft-HTTPAPI/2.0'
    'x-ms-request-id': 'a4a1c1b5-201e-0000-0ec7-ea6cc1000000'
    'x-ms-client-request-id': '5daf93d8-56ba-11f1-a9e9-2e3bd8daa033'
    'x-ms-version': 'REDACTED'
    'x-ms-content-crc64': 'REDACTED'
    'x-ms-request-server-encrypted': 'REDACTED'
    'Date': 'Sat, 23 May 2026 15:16:26 GMT'
2026-05-23 11:16:26,590 INFO  azure.core.pipeline.policies.http_logging_policy Request URL: 'https://stasiprod1eus2.blob.core.windows.net/healthcare/bronze/sdud/year%3D2024/data.csv.gz?comp=REDACTED&blockid=REDACTED'
Request method: 'PUT'
Request headers:
    'Content-Length': '4194304'
    'x-ms-version': 'REDACTED'
    'Content-Type': 'application/octet-stream'
    'Accept': 'application/xml'
    'User-Agent': 'azsdk-python-storage-blob/12.28.0 Python/3.14.4 (macOS-26.5-arm64-arm-64bit-Mach-O)'
    'x-ms-date': 'REDACTED'
    'x-ms-client-request-id': '5dfbf35e-56ba-11f1-a9e9-2e3bd8daa033'
    'Authorization': 'REDACTED'
A body is sent with the request
2026-05-23 11:16:27,052 DEBUG urllib3.connectionpool https://stasiprod1eus2.blob.core.windows.net:443 "PUT /healthcare/bronze/sdud/year%3D2024/data.csv.gz?comp=block&blockid=TURBd01EQXdNREF3TURBd01EQXdNREF3TURBd01EQXdNalV4TmpVNE1qUSUzRA%3D%3D HTTP/1.1" 201 0
2026-05-23 11:16:27,054 INFO  azure.core.pipeline.policies.http_logging_policy Response status: 201
Response headers:
    'Content-Length': '0'
    'Server': 'Windows-Azure-Blob/1.0 Microsoft-HTTPAPI/2.0'
    'x-ms-request-id': 'a4a1c3cb-201e-0000-55c7-ea6cc1000000'
    'x-ms-client-request-id': '5dfbf35e-56ba-11f1-a9e9-2e3bd8daa033'
    'x-ms-version': 'REDACTED'
    'x-ms-content-crc64': 'REDACTED'
    'x-ms-request-server-encrypted': 'REDACTED'
    'Date': 'Sat, 23 May 2026 15:16:26 GMT'
2026-05-23 11:16:27,060 INFO  azure.core.pipeline.policies.http_logging_policy Request URL: 'https://stasiprod1eus2.blob.core.windows.net/healthcare/bronze/sdud/year%3D2024/data.csv.gz?comp=REDACTED&blockid=REDACTED'
Request method: 'PUT'
Request headers:
    'Content-Length': '4194304'
    'x-ms-version': 'REDACTED'
    'Content-Type': 'application/octet-stream'
    'Accept': 'application/xml'
    'User-Agent': 'azsdk-python-storage-blob/12.28.0 Python/3.14.4 (macOS-26.5-arm64-arm-64bit-Mach-O)'
    'x-ms-date': 'REDACTED'
    'x-ms-client-request-id': '5e43a906-56ba-11f1-a9e9-2e3bd8daa033'
    'Authorization': 'REDACTED'
A body is sent with the request
2026-05-23 11:16:27,517 DEBUG urllib3.connectionpool https://stasiprod1eus2.blob.core.windows.net:443 "PUT /healthcare/bronze/sdud/year%3D2024/data.csv.gz?comp=block&blockid=TURBd01EQXdNREF3TURBd01EQXdNREF3TURBd01EQXdNamt6TmpBeE1qZyUzRA%3D%3D HTTP/1.1" 201 0
2026-05-23 11:16:27,518 INFO  azure.core.pipeline.policies.http_logging_policy Response status: 201
Response headers:
    'Content-Length': '0'
    'Server': 'Windows-Azure-Blob/1.0 Microsoft-HTTPAPI/2.0'
    'x-ms-request-id': 'a4a1c5db-201e-0000-14c7-ea6cc1000000'
    'x-ms-client-request-id': '5e43a906-56ba-11f1-a9e9-2e3bd8daa033'
    'x-ms-version': 'REDACTED'
    'x-ms-content-crc64': 'REDACTED'
    'x-ms-request-server-encrypted': 'REDACTED'
    'Date': 'Sat, 23 May 2026 15:16:27 GMT'
2026-05-23 11:16:27,522 INFO  azure.core.pipeline.policies.http_logging_policy Request URL: 'https://stasiprod1eus2.blob.core.windows.net/healthcare/bronze/sdud/year%3D2024/data.csv.gz?comp=REDACTED&blockid=REDACTED'
Request method: 'PUT'
Request headers:
    'Content-Length': '4194304'
    'x-ms-version': 'REDACTED'
    'Content-Type': 'application/octet-stream'
    'Accept': 'application/xml'
    'User-Agent': 'azsdk-python-storage-blob/12.28.0 Python/3.14.4 (macOS-26.5-arm64-arm-64bit-Mach-O)'
    'x-ms-date': 'REDACTED'
    'x-ms-client-request-id': '5e8a4014-56ba-11f1-a9e9-2e3bd8daa033'
    'Authorization': 'REDACTED'
A body is sent with the request
2026-05-23 11:16:28,010 DEBUG urllib3.connectionpool https://stasiprod1eus2.blob.core.windows.net:443 "PUT /healthcare/bronze/sdud/year%3D2024/data.csv.gz?comp=block&blockid=TURBd01EQXdNREF3TURBd01EQXdNREF3TURBd01EQXdNek0xTlRRME16SSUzRA%3D%3D HTTP/1.1" 201 0
2026-05-23 11:16:28,011 INFO  azure.core.pipeline.policies.http_logging_policy Response status: 201
Response headers:
    'Content-Length': '0'
    'Server': 'Windows-Azure-Blob/1.0 Microsoft-HTTPAPI/2.0'
    'x-ms-request-id': 'a4a1c7bd-201e-0000-3cc7-ea6cc1000000'
    'x-ms-client-request-id': '5e8a4014-56ba-11f1-a9e9-2e3bd8daa033'
    'x-ms-version': 'REDACTED'
    'x-ms-content-crc64': 'REDACTED'
    'x-ms-request-server-encrypted': 'REDACTED'
    'Date': 'Sat, 23 May 2026 15:16:27 GMT'
2026-05-23 11:16:28,016 INFO  azure.core.pipeline.policies.http_logging_policy Request URL: 'https://stasiprod1eus2.blob.core.windows.net/healthcare/bronze/sdud/year%3D2024/data.csv.gz?comp=REDACTED&blockid=REDACTED'
Request method: 'PUT'
Request headers:
    'Content-Length': '4194304'
    'x-ms-version': 'REDACTED'
    'Content-Type': 'application/octet-stream'
    'Accept': 'application/xml'
    'User-Agent': 'azsdk-python-storage-blob/12.28.0 Python/3.14.4 (macOS-26.5-arm64-arm-64bit-Mach-O)'
    'x-ms-date': 'REDACTED'
    'x-ms-client-request-id': '5ed5b2c4-56ba-11f1-a9e9-2e3bd8daa033'
    'Authorization': 'REDACTED'
A body is sent with the request
2026-05-23 11:16:28,467 DEBUG urllib3.connectionpool https://stasiprod1eus2.blob.core.windows.net:443 "PUT /healthcare/bronze/sdud/year%3D2024/data.csv.gz?comp=block&blockid=TURBd01EQXdNREF3TURBd01EQXdNREF3TURBd01EQXdNemMzTkRnM016WSUzRA%3D%3D HTTP/1.1" 201 0
2026-05-23 11:16:28,468 INFO  azure.core.pipeline.policies.http_logging_policy Response status: 201
Response headers:
    'Content-Length': '0'
    'Server': 'Windows-Azure-Blob/1.0 Microsoft-HTTPAPI/2.0'
    'x-ms-request-id': 'a4a1c9b2-201e-0000-66c7-ea6cc1000000'
    'x-ms-client-request-id': '5ed5b2c4-56ba-11f1-a9e9-2e3bd8daa033'
    'x-ms-version': 'REDACTED'
    'x-ms-content-crc64': 'REDACTED'
    'x-ms-request-server-encrypted': 'REDACTED'
    'Date': 'Sat, 23 May 2026 15:16:27 GMT'
2026-05-23 11:16:28,472 INFO  azure.core.pipeline.policies.http_logging_policy Request URL: 'https://stasiprod1eus2.blob.core.windows.net/healthcare/bronze/sdud/year%3D2024/data.csv.gz?comp=REDACTED&blockid=REDACTED'
Request method: 'PUT'
Request headers:
    'Content-Length': '4194304'
    'x-ms-version': 'REDACTED'
    'Content-Type': 'application/octet-stream'
    'Accept': 'application/xml'
    'User-Agent': 'azsdk-python-storage-blob/12.28.0 Python/3.14.4 (macOS-26.5-arm64-arm-64bit-Mach-O)'
    'x-ms-date': 'REDACTED'
    'x-ms-client-request-id': '5f1b2bba-56ba-11f1-a9e9-2e3bd8daa033'
    'Authorization': 'REDACTED'
A body is sent with the request
2026-05-23 11:16:28,903 DEBUG urllib3.connectionpool https://stasiprod1eus2.blob.core.windows.net:443 "PUT /healthcare/bronze/sdud/year%3D2024/data.csv.gz?comp=block&blockid=TURBd01EQXdNREF3TURBd01EQXdNREF3TURBd01EQXdOREU1TkRNd05EQSUzRA%3D%3D HTTP/1.1" 201 0
2026-05-23 11:16:28,904 INFO  azure.core.pipeline.policies.http_logging_policy Response status: 201
Response headers:
    'Content-Length': '0'
    'Server': 'Windows-Azure-Blob/1.0 Microsoft-HTTPAPI/2.0'
    'x-ms-request-id': 'a4a1cb90-201e-0000-70c7-ea6cc1000000'
    'x-ms-client-request-id': '5f1b2bba-56ba-11f1-a9e9-2e3bd8daa033'
    'x-ms-version': 'REDACTED'
    'x-ms-content-crc64': 'REDACTED'
    'x-ms-request-server-encrypted': 'REDACTED'
    'Date': 'Sat, 23 May 2026 15:16:28 GMT'
2026-05-23 11:16:28,908 INFO  azure.core.pipeline.policies.http_logging_policy Request URL: 'https://stasiprod1eus2.blob.core.windows.net/healthcare/bronze/sdud/year%3D2024/data.csv.gz?comp=REDACTED&blockid=REDACTED'
Request method: 'PUT'
Request headers:
    'Content-Length': '4194304'
    'x-ms-version': 'REDACTED'
    'Content-Type': 'application/octet-stream'
    'Accept': 'application/xml'
    'User-Agent': 'azsdk-python-storage-blob/12.28.0 Python/3.14.4 (macOS-26.5-arm64-arm-64bit-Mach-O)'
    'x-ms-date': 'REDACTED'
    'x-ms-client-request-id': '5f5dcde4-56ba-11f1-a9e9-2e3bd8daa033'
    'Authorization': 'REDACTED'
A body is sent with the request
2026-05-23 11:16:29,406 DEBUG urllib3.connectionpool https://stasiprod1eus2.blob.core.windows.net:443 "PUT /healthcare/bronze/sdud/year%3D2024/data.csv.gz?comp=block&blockid=TURBd01EQXdNREF3TURBd01EQXdNREF3TURBd01EQXdORFl4TXpjek5EUSUzRA%3D%3D HTTP/1.1" 201 0
2026-05-23 11:16:29,407 INFO  azure.core.pipeline.policies.http_logging_policy Response status: 201
Response headers:
    'Content-Length': '0'
    'Server': 'Windows-Azure-Blob/1.0 Microsoft-HTTPAPI/2.0'
    'x-ms-request-id': 'a4a1cd45-201e-0000-5ec7-ea6cc1000000'
    'x-ms-client-request-id': '5f5dcde4-56ba-11f1-a9e9-2e3bd8daa033'
    'x-ms-version': 'REDACTED'
    'x-ms-content-crc64': 'REDACTED'
    'x-ms-request-server-encrypted': 'REDACTED'
    'Date': 'Sat, 23 May 2026 15:16:28 GMT'
2026-05-23 11:16:29,411 INFO  azure.core.pipeline.policies.http_logging_policy Request URL: 'https://stasiprod1eus2.blob.core.windows.net/healthcare/bronze/sdud/year%3D2024/data.csv.gz?comp=REDACTED&blockid=REDACTED'
Request method: 'PUT'
Request headers:
    'Content-Length': '4194304'
    'x-ms-version': 'REDACTED'
    'Content-Type': 'application/octet-stream'
    'Accept': 'application/xml'
    'User-Agent': 'azsdk-python-storage-blob/12.28.0 Python/3.14.4 (macOS-26.5-arm64-arm-64bit-Mach-O)'
    'x-ms-date': 'REDACTED'
    'x-ms-client-request-id': '5faa9282-56ba-11f1-a9e9-2e3bd8daa033'
    'Authorization': 'REDACTED'
A body is sent with the request
2026-05-23 11:16:29,855 DEBUG urllib3.connectionpool https://stasiprod1eus2.blob.core.windows.net:443 "PUT /healthcare/bronze/sdud/year%3D2024/data.csv.gz?comp=block&blockid=TURBd01EQXdNREF3TURBd01EQXdNREF3TURBd01EQXdOVEF6TXpFMk5EZyUzRA%3D%3D HTTP/1.1" 201 0
2026-05-23 11:16:29,856 INFO  azure.core.pipeline.policies.http_logging_policy Response status: 201
Response headers:
    'Content-Length': '0'
    'Server': 'Windows-Azure-Blob/1.0 Microsoft-HTTPAPI/2.0'
    'x-ms-request-id': 'a4a1cf44-201e-0000-19c7-ea6cc1000000'
    'x-ms-client-request-id': '5faa9282-56ba-11f1-a9e9-2e3bd8daa033'
    'x-ms-version': 'REDACTED'
    'x-ms-content-crc64': 'REDACTED'
    'x-ms-request-server-encrypted': 'REDACTED'
    'Date': 'Sat, 23 May 2026 15:16:29 GMT'
2026-05-23 11:16:29,859 INFO  azure.core.pipeline.policies.http_logging_policy Request URL: 'https://stasiprod1eus2.blob.core.windows.net/healthcare/bronze/sdud/year%3D2024/data.csv.gz?comp=REDACTED&blockid=REDACTED'
Request method: 'PUT'
Request headers:
    'Content-Length': '4194304'
    'x-ms-version': 'REDACTED'
    'Content-Type': 'application/octet-stream'
    'Accept': 'application/xml'
    'User-Agent': 'azsdk-python-storage-blob/12.28.0 Python/3.14.4 (macOS-26.5-arm64-arm-64bit-Mach-O)'
    'x-ms-date': 'REDACTED'
    'x-ms-client-request-id': '5feee928-56ba-11f1-a9e9-2e3bd8daa033'
    'Authorization': 'REDACTED'
A body is sent with the request
2026-05-23 11:16:30,328 DEBUG urllib3.connectionpool https://stasiprod1eus2.blob.core.windows.net:443 "PUT /healthcare/bronze/sdud/year%3D2024/data.csv.gz?comp=block&blockid=TURBd01EQXdNREF3TURBd01EQXdNREF3TURBd01EQXdOVFExTWpVNU5USSUzRA%3D%3D HTTP/1.1" 201 0
2026-05-23 11:16:30,329 INFO  azure.core.pipeline.policies.http_logging_policy Response status: 201
Response headers:
    'Content-Length': '0'
    'Server': 'Windows-Azure-Blob/1.0 Microsoft-HTTPAPI/2.0'
    'x-ms-request-id': 'a4a1d0e6-201e-0000-7cc7-ea6cc1000000'
    'x-ms-client-request-id': '5feee928-56ba-11f1-a9e9-2e3bd8daa033'
    'x-ms-version': 'REDACTED'
    'x-ms-content-crc64': 'REDACTED'
    'x-ms-request-server-encrypted': 'REDACTED'
    'Date': 'Sat, 23 May 2026 15:16:29 GMT'
2026-05-23 11:16:30,333 INFO  azure.core.pipeline.policies.http_logging_policy Request URL: 'https://stasiprod1eus2.blob.core.windows.net/healthcare/bronze/sdud/year%3D2024/data.csv.gz?comp=REDACTED&blockid=REDACTED'
Request method: 'PUT'
Request headers:
    'Content-Length': '4194304'
    'x-ms-version': 'REDACTED'
    'Content-Type': 'application/octet-stream'
    'Accept': 'application/xml'
    'User-Agent': 'azsdk-python-storage-blob/12.28.0 Python/3.14.4 (macOS-26.5-arm64-arm-64bit-Mach-O)'
    'x-ms-date': 'REDACTED'
    'x-ms-client-request-id': '60372d50-56ba-11f1-a9e9-2e3bd8daa033'
    'Authorization': 'REDACTED'
A body is sent with the request
2026-05-23 11:16:30,818 DEBUG urllib3.connectionpool https://stasiprod1eus2.blob.core.windows.net:443 "PUT /healthcare/bronze/sdud/year%3D2024/data.csv.gz?comp=block&blockid=TURBd01EQXdNREF3TURBd01EQXdNREF3TURBd01EQXdOVGczTWpBeU5UWSUzRA%3D%3D HTTP/1.1" 201 0
2026-05-23 11:16:30,819 INFO  azure.core.pipeline.policies.http_logging_policy Response status: 201
Response headers:
    'Content-Length': '0'
    'Server': 'Windows-Azure-Blob/1.0 Microsoft-HTTPAPI/2.0'
    'x-ms-request-id': 'a4a1d29c-201e-0000-73c7-ea6cc1000000'
    'x-ms-client-request-id': '60372d50-56ba-11f1-a9e9-2e3bd8daa033'
    'x-ms-version': 'REDACTED'
    'x-ms-content-crc64': 'REDACTED'
    'x-ms-request-server-encrypted': 'REDACTED'
    'Date': 'Sat, 23 May 2026 15:16:30 GMT'
2026-05-23 11:16:30,824 INFO  azure.core.pipeline.policies.http_logging_policy Request URL: 'https://stasiprod1eus2.blob.core.windows.net/healthcare/bronze/sdud/year%3D2024/data.csv.gz?comp=REDACTED&blockid=REDACTED'
Request method: 'PUT'
Request headers:
    'Content-Length': '4194304'
    'x-ms-version': 'REDACTED'
    'Content-Type': 'application/octet-stream'
    'Accept': 'application/xml'
    'User-Agent': 'azsdk-python-storage-blob/12.28.0 Python/3.14.4 (macOS-26.5-arm64-arm-64bit-Mach-O)'
    'x-ms-date': 'REDACTED'
    'x-ms-client-request-id': '60820e92-56ba-11f1-a9e9-2e3bd8daa033'
    'Authorization': 'REDACTED'
A body is sent with the request
2026-05-23 11:16:31,259 DEBUG urllib3.connectionpool https://stasiprod1eus2.blob.core.windows.net:443 "PUT /healthcare/bronze/sdud/year%3D2024/data.csv.gz?comp=block&blockid=TURBd01EQXdNREF3TURBd01EQXdNREF3TURBd01EQXdOakk1TVRRMU5qQSUzRA%3D%3D HTTP/1.1" 201 0
2026-05-23 11:16:31,259 INFO  azure.core.pipeline.policies.http_logging_policy Response status: 201
Response headers:
    'Content-Length': '0'
    'Server': 'Windows-Azure-Blob/1.0 Microsoft-HTTPAPI/2.0'
    'x-ms-request-id': 'a4a1d45c-201e-0000-62c7-ea6cc1000000'
    'x-ms-client-request-id': '60820e92-56ba-11f1-a9e9-2e3bd8daa033'
    'x-ms-version': 'REDACTED'
    'x-ms-content-crc64': 'REDACTED'
    'x-ms-request-server-encrypted': 'REDACTED'
    'Date': 'Sat, 23 May 2026 15:16:30 GMT'
2026-05-23 11:16:31,263 INFO  azure.core.pipeline.policies.http_logging_policy Request URL: 'https://stasiprod1eus2.blob.core.windows.net/healthcare/bronze/sdud/year%3D2024/data.csv.gz?comp=REDACTED&blockid=REDACTED'
Request method: 'PUT'
Request headers:
    'Content-Length': '4194304'
    'x-ms-version': 'REDACTED'
    'Content-Type': 'application/octet-stream'
    'Accept': 'application/xml'
    'User-Agent': 'azsdk-python-storage-blob/12.28.0 Python/3.14.4 (macOS-26.5-arm64-arm-64bit-Mach-O)'
    'x-ms-date': 'REDACTED'
    'x-ms-client-request-id': '60c51afc-56ba-11f1-a9e9-2e3bd8daa033'
    'Authorization': 'REDACTED'
A body is sent with the request
2026-05-23 11:16:31,773 DEBUG urllib3.connectionpool https://stasiprod1eus2.blob.core.windows.net:443 "PUT /healthcare/bronze/sdud/year%3D2024/data.csv.gz?comp=block&blockid=TURBd01EQXdNREF3TURBd01EQXdNREF3TURBd01EQXdOamN4TURnNE5qUSUzRA%3D%3D HTTP/1.1" 201 0
2026-05-23 11:16:31,773 INFO  azure.core.pipeline.policies.http_logging_policy Response status: 201
Response headers:
    'Content-Length': '0'
    'Server': 'Windows-Azure-Blob/1.0 Microsoft-HTTPAPI/2.0'
    'x-ms-request-id': 'a4a1d60d-201e-0000-59c7-ea6cc1000000'
    'x-ms-client-request-id': '60c51afc-56ba-11f1-a9e9-2e3bd8daa033'
    'x-ms-version': 'REDACTED'
    'x-ms-content-crc64': 'REDACTED'
    'x-ms-request-server-encrypted': 'REDACTED'
    'Date': 'Sat, 23 May 2026 15:16:31 GMT'
2026-05-23 11:16:31,776 INFO  azure.core.pipeline.policies.http_logging_policy Request URL: 'https://stasiprod1eus2.blob.core.windows.net/healthcare/bronze/sdud/year%3D2024/data.csv.gz?comp=REDACTED&blockid=REDACTED'
Request method: 'PUT'
Request headers:
    'Content-Length': '4194304'
    'x-ms-version': 'REDACTED'
    'Content-Type': 'application/octet-stream'
    'Accept': 'application/xml'
    'User-Agent': 'azsdk-python-storage-blob/12.28.0 Python/3.14.4 (macOS-26.5-arm64-arm-64bit-Mach-O)'
    'x-ms-date': 'REDACTED'
    'x-ms-client-request-id': '611353f2-56ba-11f1-a9e9-2e3bd8daa033'
    'Authorization': 'REDACTED'
A body is sent with the request
2026-05-23 11:16:32,274 DEBUG urllib3.connectionpool https://stasiprod1eus2.blob.core.windows.net:443 "PUT /healthcare/bronze/sdud/year%3D2024/data.csv.gz?comp=block&blockid=TURBd01EQXdNREF3TURBd01EQXdNREF3TURBd01EQXdOekV6TURNeE5qZyUzRA%3D%3D HTTP/1.1" 201 0
2026-05-23 11:16:32,275 INFO  azure.core.pipeline.policies.http_logging_policy Response status: 201
Response headers:
    'Content-Length': '0'
    'Server': 'Windows-Azure-Blob/1.0 Microsoft-HTTPAPI/2.0'
    'x-ms-request-id': 'a4a1d8ed-201e-0000-7cc7-ea6cc1000000'
    'x-ms-client-request-id': '611353f2-56ba-11f1-a9e9-2e3bd8daa033'
    'x-ms-version': 'REDACTED'
    'x-ms-content-crc64': 'REDACTED'
    'x-ms-request-server-encrypted': 'REDACTED'
    'Date': 'Sat, 23 May 2026 15:16:31 GMT'
2026-05-23 11:16:32,278 INFO  azure.core.pipeline.policies.http_logging_policy Request URL: 'https://stasiprod1eus2.blob.core.windows.net/healthcare/bronze/sdud/year%3D2024/data.csv.gz?comp=REDACTED&blockid=REDACTED'
Request method: 'PUT'
Request headers:
    'Content-Length': '4194304'
    'x-ms-version': 'REDACTED'
    'Content-Type': 'application/octet-stream'
    'Accept': 'application/xml'
    'User-Agent': 'azsdk-python-storage-blob/12.28.0 Python/3.14.4 (macOS-26.5-arm64-arm-64bit-Mach-O)'
    'x-ms-date': 'REDACTED'
    'x-ms-client-request-id': '615ff072-56ba-11f1-a9e9-2e3bd8daa033'
    'Authorization': 'REDACTED'
A body is sent with the request
2026-05-23 11:16:32,882 DEBUG urllib3.connectionpool https://stasiprod1eus2.blob.core.windows.net:443 "PUT /healthcare/bronze/sdud/year%3D2024/data.csv.gz?comp=block&blockid=TURBd01EQXdNREF3TURBd01EQXdNREF3TURBd01EQXdOelUwT1RjME56SSUzRA%3D%3D HTTP/1.1" 201 0
2026-05-23 11:16:32,883 INFO  azure.core.pipeline.policies.http_logging_policy Response status: 201
Response headers:
    'Content-Length': '0'
    'Server': 'Windows-Azure-Blob/1.0 Microsoft-HTTPAPI/2.0'
    'x-ms-request-id': 'a4a1daf7-201e-0000-29c7-ea6cc1000000'
    'x-ms-client-request-id': '615ff072-56ba-11f1-a9e9-2e3bd8daa033'
    'x-ms-version': 'REDACTED'
    'x-ms-content-crc64': 'REDACTED'
    'x-ms-request-server-encrypted': 'REDACTED'
    'Date': 'Sat, 23 May 2026 15:16:32 GMT'
2026-05-23 11:16:32,885 INFO  azure.core.pipeline.policies.http_logging_policy Request URL: 'https://stasiprod1eus2.blob.core.windows.net/healthcare/bronze/sdud/year%3D2024/data.csv.gz?comp=REDACTED&blockid=REDACTED'
Request method: 'PUT'
Request headers:
    'Content-Length': '4194304'
    'x-ms-version': 'REDACTED'
    'Content-Type': 'application/octet-stream'
    'Accept': 'application/xml'
    'User-Agent': 'azsdk-python-storage-blob/12.28.0 Python/3.14.4 (macOS-26.5-arm64-arm-64bit-Mach-O)'
    'x-ms-date': 'REDACTED'
    'x-ms-client-request-id': '61bca452-56ba-11f1-a9e9-2e3bd8daa033'
    'Authorization': 'REDACTED'
A body is sent with the request
2026-05-23 11:16:33,402 DEBUG urllib3.connectionpool https://stasiprod1eus2.blob.core.windows.net:443 "PUT /healthcare/bronze/sdud/year%3D2024/data.csv.gz?comp=block&blockid=TURBd01EQXdNREF3TURBd01EQXdNREF3TURBd01EQXdOemsyT1RFM056WSUzRA%3D%3D HTTP/1.1" 201 0
2026-05-23 11:16:33,403 INFO  azure.core.pipeline.policies.http_logging_policy Response status: 201
Response headers:
    'Content-Length': '0'
    'Server': 'Windows-Azure-Blob/1.0 Microsoft-HTTPAPI/2.0'
    'x-ms-request-id': 'a4a1dd16-201e-0000-72c7-ea6cc1000000'
    'x-ms-client-request-id': '61bca452-56ba-11f1-a9e9-2e3bd8daa033'
    'x-ms-version': 'REDACTED'
    'x-ms-content-crc64': 'REDACTED'
    'x-ms-request-server-encrypted': 'REDACTED'
    'Date': 'Sat, 23 May 2026 15:16:32 GMT'
2026-05-23 11:16:33,406 INFO  azure.core.pipeline.policies.http_logging_policy Request URL: 'https://stasiprod1eus2.blob.core.windows.net/healthcare/bronze/sdud/year%3D2024/data.csv.gz?comp=REDACTED&blockid=REDACTED'
Request method: 'PUT'
Request headers:
    'Content-Length': '4194304'
    'x-ms-version': 'REDACTED'
    'Content-Type': 'application/octet-stream'
    'Accept': 'application/xml'
    'User-Agent': 'azsdk-python-storage-blob/12.28.0 Python/3.14.4 (macOS-26.5-arm64-arm-64bit-Mach-O)'
    'x-ms-date': 'REDACTED'
    'x-ms-client-request-id': '620c24aa-56ba-11f1-a9e9-2e3bd8daa033'
    'Authorization': 'REDACTED'
A body is sent with the request
2026-05-23 11:16:33,972 DEBUG urllib3.connectionpool https://stasiprod1eus2.blob.core.windows.net:443 "PUT /healthcare/bronze/sdud/year%3D2024/data.csv.gz?comp=block&blockid=TURBd01EQXdNREF3TURBd01EQXdNREF3TURBd01EQXdPRE00T0RZd09EQSUzRA%3D%3D HTTP/1.1" 201 0
2026-05-23 11:16:33,973 INFO  azure.core.pipeline.policies.http_logging_policy Response status: 201
Response headers:
    'Content-Length': '0'
    'Server': 'Windows-Azure-Blob/1.0 Microsoft-HTTPAPI/2.0'
    'x-ms-request-id': 'a4a1dede-201e-0000-6fc7-ea6cc1000000'
    'x-ms-client-request-id': '620c24aa-56ba-11f1-a9e9-2e3bd8daa033'
    'x-ms-version': 'REDACTED'
    'x-ms-content-crc64': 'REDACTED'
    'x-ms-request-server-encrypted': 'REDACTED'
    'Date': 'Sat, 23 May 2026 15:16:33 GMT'
2026-05-23 11:16:33,978 INFO  azure.core.pipeline.policies.http_logging_policy Request URL: 'https://stasiprod1eus2.blob.core.windows.net/healthcare/bronze/sdud/year%3D2024/data.csv.gz?comp=REDACTED&blockid=REDACTED'
Request method: 'PUT'
Request headers:
    'Content-Length': '4194304'
    'x-ms-version': 'REDACTED'
    'Content-Type': 'application/octet-stream'
    'Accept': 'application/xml'
    'User-Agent': 'azsdk-python-storage-blob/12.28.0 Python/3.14.4 (macOS-26.5-arm64-arm-64bit-Mach-O)'
    'x-ms-date': 'REDACTED'
    'x-ms-client-request-id': '62634618-56ba-11f1-a9e9-2e3bd8daa033'
    'Authorization': 'REDACTED'
A body is sent with the request
2026-05-23 11:16:34,425 DEBUG urllib3.connectionpool https://stasiprod1eus2.blob.core.windows.net:443 "PUT /healthcare/bronze/sdud/year%3D2024/data.csv.gz?comp=block&blockid=TURBd01EQXdNREF3TURBd01EQXdNREF3TURBd01EQXdPRGd3T0RBek9EUSUzRA%3D%3D HTTP/1.1" 201 0
2026-05-23 11:16:34,426 INFO  azure.core.pipeline.policies.http_logging_policy Response status: 201
Response headers:
    'Content-Length': '0'
    'Server': 'Windows-Azure-Blob/1.0 Microsoft-HTTPAPI/2.0'
    'x-ms-request-id': 'a4a1e0ba-201e-0000-08c7-ea6cc1000000'
    'x-ms-client-request-id': '62634618-56ba-11f1-a9e9-2e3bd8daa033'
    'x-ms-version': 'REDACTED'
    'x-ms-content-crc64': 'REDACTED'
    'x-ms-request-server-encrypted': 'REDACTED'
    'Date': 'Sat, 23 May 2026 15:16:33 GMT'
2026-05-23 11:16:34,428 INFO  azure.core.pipeline.policies.http_logging_policy Request URL: 'https://stasiprod1eus2.blob.core.windows.net/healthcare/bronze/sdud/year%3D2024/data.csv.gz?comp=REDACTED&blockid=REDACTED'
Request method: 'PUT'
Request headers:
    'Content-Length': '4194304'
    'x-ms-version': 'REDACTED'
    'Content-Type': 'application/octet-stream'
    'Accept': 'application/xml'
    'User-Agent': 'azsdk-python-storage-blob/12.28.0 Python/3.14.4 (macOS-26.5-arm64-arm-64bit-Mach-O)'
    'x-ms-date': 'REDACTED'
    'x-ms-client-request-id': '62a7ffb0-56ba-11f1-a9e9-2e3bd8daa033'
    'Authorization': 'REDACTED'
A body is sent with the request
2026-05-23 11:16:34,950 DEBUG urllib3.connectionpool https://stasiprod1eus2.blob.core.windows.net:443 "PUT /healthcare/bronze/sdud/year%3D2024/data.csv.gz?comp=block&blockid=TURBd01EQXdNREF3TURBd01EQXdNREF3TURBd01EQXdPVEl5TnpRMk9EZyUzRA%3D%3D HTTP/1.1" 201 0
2026-05-23 11:16:34,951 INFO  azure.core.pipeline.policies.http_logging_policy Response status: 201
Response headers:
    'Content-Length': '0'
    'Server': 'Windows-Azure-Blob/1.0 Microsoft-HTTPAPI/2.0'
    'x-ms-request-id': 'a4a1e21f-201e-0000-31c7-ea6cc1000000'
    'x-ms-client-request-id': '62a7ffb0-56ba-11f1-a9e9-2e3bd8daa033'
    'x-ms-version': 'REDACTED'
    'x-ms-content-crc64': 'REDACTED'
    'x-ms-request-server-encrypted': 'REDACTED'
    'Date': 'Sat, 23 May 2026 15:16:34 GMT'
2026-05-23 11:16:34,953 INFO  azure.core.pipeline.policies.http_logging_policy Request URL: 'https://stasiprod1eus2.blob.core.windows.net/healthcare/bronze/sdud/year%3D2024/data.csv.gz?comp=REDACTED&blockid=REDACTED'
Request method: 'PUT'
Request headers:
    'Content-Length': '1857426'
    'x-ms-version': 'REDACTED'
    'Content-Type': 'application/octet-stream'
    'Accept': 'application/xml'
    'User-Agent': 'azsdk-python-storage-blob/12.28.0 Python/3.14.4 (macOS-26.5-arm64-arm-64bit-Mach-O)'
    'x-ms-date': 'REDACTED'
    'x-ms-client-request-id': '62f8369c-56ba-11f1-a9e9-2e3bd8daa033'
    'Authorization': 'REDACTED'
A body is sent with the request
2026-05-23 11:16:35,232 DEBUG urllib3.connectionpool https://stasiprod1eus2.blob.core.windows.net:443 "PUT /healthcare/bronze/sdud/year%3D2024/data.csv.gz?comp=block&blockid=TURBd01EQXdNREF3TURBd01EQXdNREF3TURBd01EQXdPVFkwTmpnNU9USSUzRA%3D%3D HTTP/1.1" 201 0
2026-05-23 11:16:35,232 INFO  azure.core.pipeline.policies.http_logging_policy Response status: 201
Response headers:
    'Content-Length': '0'
    'Server': 'Windows-Azure-Blob/1.0 Microsoft-HTTPAPI/2.0'
    'x-ms-request-id': 'a4a1e43b-201e-0000-01c7-ea6cc1000000'
    'x-ms-client-request-id': '62f8369c-56ba-11f1-a9e9-2e3bd8daa033'
    'x-ms-version': 'REDACTED'
    'x-ms-content-crc64': 'REDACTED'
    'x-ms-request-server-encrypted': 'REDACTED'
    'Date': 'Sat, 23 May 2026 15:16:34 GMT'
2026-05-23 11:16:35,234 INFO  azure.core.pipeline.policies.http_logging_policy Request URL: 'https://stasiprod1eus2.blob.core.windows.net/healthcare/bronze/sdud/year%3D2024/data.csv.gz?comp=REDACTED'
Request method: 'PUT'
Request headers:
    'Content-Length': '2006'
    'x-ms-version': 'REDACTED'
    'Content-Type': 'application/xml'
    'Accept': 'application/xml'
    'User-Agent': 'azsdk-python-storage-blob/12.28.0 Python/3.14.4 (macOS-26.5-arm64-arm-64bit-Mach-O)'
    'x-ms-date': 'REDACTED'
    'x-ms-client-request-id': '6323025a-56ba-11f1-a9e9-2e3bd8daa033'
    'Authorization': 'REDACTED'
A body is sent with the request
2026-05-23 11:16:35,329 DEBUG urllib3.connectionpool https://stasiprod1eus2.blob.core.windows.net:443 "PUT /healthcare/bronze/sdud/year%3D2024/data.csv.gz?comp=blocklist HTTP/1.1" 201 0
2026-05-23 11:16:35,330 INFO  azure.core.pipeline.policies.http_logging_policy Response status: 201
Response headers:
    'Content-Length': '0'
    'Last-Modified': 'Sat, 23 May 2026 15:16:35 GMT'
    'ETag': '"0x8DEB8DE47658368"'
    'Server': 'Windows-Azure-Blob/1.0 Microsoft-HTTPAPI/2.0'
    'x-ms-request-id': 'a4a1e53c-201e-0000-4fc7-ea6cc1000000'
    'x-ms-client-request-id': '6323025a-56ba-11f1-a9e9-2e3bd8daa033'
    'x-ms-version': 'REDACTED'
    'x-ms-content-crc64': 'REDACTED'
    'x-ms-request-server-encrypted': 'REDACTED'
    'Date': 'Sat, 23 May 2026 15:16:34 GMT'
2026-05-23 11:16:35,331 INFO  sdud_pull uploaded /tmp/sdud-stage/year=2024/data.csv.gz → az://stasiprod1eus2/healthcare/bronze/sdud/year=2024/data.csv.gz
2026-05-23 11:16:35,333 DEBUG urllib3.connectionpool Starting new HTTPS connection (1): data.medicaid.gov:443
2026-05-23 11:16:35,424 DEBUG urllib3.connectionpool https://data.medicaid.gov:443 "GET /api/1/metastore/schemas/dataset/items?limit=50&offset=0 HTTP/1.1" 200 72892
2026-05-23 11:16:35,453 INFO  sdud_pull GET https://download.medicaid.gov/data/sdud-2025-updated.csv
2026-05-23 11:16:35,454 DEBUG urllib3.connectionpool Starting new HTTPS connection (1): download.medicaid.gov:443
2026-05-23 11:16:35,578 DEBUG urllib3.connectionpool https://download.medicaid.gov:443 "GET /data/sdud-2025-updated.csv HTTP/1.1" 200 499103586
2026-05-23 11:16:46,276 INFO  sdud_pull year=2025 rows=5267178 in=499.1MB out=97.2MB dest=/tmp/sdud-stage/year=2025/data.csv.gz
2026-05-23 11:16:46,279 INFO  azure.core.pipeline.policies.http_logging_policy Request URL: 'https://stasiprod1eus2.blob.core.windows.net/healthcare/bronze/sdud/year%3D2025/data.csv.gz?comp=REDACTED&blockid=REDACTED'
Request method: 'PUT'
Request headers:
    'Content-Length': '4194304'
    'x-ms-version': 'REDACTED'
    'Content-Type': 'application/octet-stream'
    'Accept': 'application/xml'
    'User-Agent': 'azsdk-python-storage-blob/12.28.0 Python/3.14.4 (macOS-26.5-arm64-arm-64bit-Mach-O)'
    'x-ms-date': 'REDACTED'
    'x-ms-client-request-id': '69b86a10-56ba-11f1-a9e9-2e3bd8daa033'
    'Authorization': 'REDACTED'
A body is sent with the request
2026-05-23 11:16:46,280 DEBUG urllib3.connectionpool Starting new HTTPS connection (1): stasiprod1eus2.blob.core.windows.net:443
2026-05-23 11:16:46,808 DEBUG urllib3.connectionpool https://stasiprod1eus2.blob.core.windows.net:443 "PUT /healthcare/bronze/sdud/year%3D2025/data.csv.gz?comp=block&blockid=TURBd01EQXdNREF3TURBd01EQXdNREF3TURBd01EQXdNREF3TURBd01EQSUzRA%3D%3D HTTP/1.1" 201 0
2026-05-23 11:16:46,808 INFO  azure.core.pipeline.policies.http_logging_policy Response status: 201
Response headers:
    'Content-Length': '0'
    'Server': 'Windows-Azure-Blob/1.0 Microsoft-HTTPAPI/2.0'
    'x-ms-request-id': 'e544e727-e01e-0042-07c7-ead541000000'
    'x-ms-client-request-id': '69b86a10-56ba-11f1-a9e9-2e3bd8daa033'
    'x-ms-version': 'REDACTED'
    'x-ms-content-crc64': 'REDACTED'
    'x-ms-request-server-encrypted': 'REDACTED'
    'Date': 'Sat, 23 May 2026 15:16:46 GMT'
2026-05-23 11:16:46,811 INFO  azure.core.pipeline.policies.http_logging_policy Request URL: 'https://stasiprod1eus2.blob.core.windows.net/healthcare/bronze/sdud/year%3D2025/data.csv.gz?comp=REDACTED&blockid=REDACTED'
Request method: 'PUT'
Request headers:
    'Content-Length': '4194304'
    'x-ms-version': 'REDACTED'
    'Content-Type': 'application/octet-stream'
    'Accept': 'application/xml'
    'User-Agent': 'azsdk-python-storage-blob/12.28.0 Python/3.14.4 (macOS-26.5-arm64-arm-64bit-Mach-O)'
    'x-ms-date': 'REDACTED'
    'x-ms-client-request-id': '6a0998fe-56ba-11f1-a9e9-2e3bd8daa033'
    'Authorization': 'REDACTED'
A body is sent with the request
2026-05-23 11:16:47,259 DEBUG urllib3.connectionpool https://stasiprod1eus2.blob.core.windows.net:443 "PUT /healthcare/bronze/sdud/year%3D2025/data.csv.gz?comp=block&blockid=TURBd01EQXdNREF3TURBd01EQXdNREF3TURBd01EQXdNRFF4T1RRek1EUSUzRA%3D%3D HTTP/1.1" 201 0
2026-05-23 11:16:47,259 INFO  azure.core.pipeline.policies.http_logging_policy Response status: 201
Response headers:
    'Content-Length': '0'
    'Server': 'Windows-Azure-Blob/1.0 Microsoft-HTTPAPI/2.0'
    'x-ms-request-id': 'e544e967-e01e-0042-0dc7-ead541000000'
    'x-ms-client-request-id': '6a0998fe-56ba-11f1-a9e9-2e3bd8daa033'
    'x-ms-version': 'REDACTED'
    'x-ms-content-crc64': 'REDACTED'
    'x-ms-request-server-encrypted': 'REDACTED'
    'Date': 'Sat, 23 May 2026 15:16:46 GMT'
2026-05-23 11:16:47,261 INFO  azure.core.pipeline.policies.http_logging_policy Request URL: 'https://stasiprod1eus2.blob.core.windows.net/healthcare/bronze/sdud/year%3D2025/data.csv.gz?comp=REDACTED&blockid=REDACTED'
Request method: 'PUT'
Request headers:
    'Content-Length': '4194304'
    'x-ms-version': 'REDACTED'
    'Content-Type': 'application/octet-stream'
    'Accept': 'application/xml'
    'User-Agent': 'azsdk-python-storage-blob/12.28.0 Python/3.14.4 (macOS-26.5-arm64-arm-64bit-Mach-O)'
    'x-ms-date': 'REDACTED'
    'x-ms-client-request-id': '6a4e40b2-56ba-11f1-a9e9-2e3bd8daa033'
    'Authorization': 'REDACTED'
A body is sent with the request
2026-05-23 11:16:47,774 DEBUG urllib3.connectionpool https://stasiprod1eus2.blob.core.windows.net:443 "PUT /healthcare/bronze/sdud/year%3D2025/data.csv.gz?comp=block&blockid=TURBd01EQXdNREF3TURBd01EQXdNREF3TURBd01EQXdNRGd6T0RnMk1EZyUzRA%3D%3D HTTP/1.1" 201 0
2026-05-23 11:16:47,774 INFO  azure.core.pipeline.policies.http_logging_policy Response status: 201
Response headers:
    'Content-Length': '0'
    'Server': 'Windows-Azure-Blob/1.0 Microsoft-HTTPAPI/2.0'
    'x-ms-request-id': 'e544eb8c-e01e-0042-6ec7-ead541000000'
    'x-ms-client-request-id': '6a4e40b2-56ba-11f1-a9e9-2e3bd8daa033'
    'x-ms-version': 'REDACTED'
    'x-ms-content-crc64': 'REDACTED'
    'x-ms-request-server-encrypted': 'REDACTED'
    'Date': 'Sat, 23 May 2026 15:16:47 GMT'
2026-05-23 11:16:47,776 INFO  azure.core.pipeline.policies.http_logging_policy Request URL: 'https://stasiprod1eus2.blob.core.windows.net/healthcare/bronze/sdud/year%3D2025/data.csv.gz?comp=REDACTED&blockid=REDACTED'
Request method: 'PUT'
Request headers:
    'Content-Length': '4194304'
    'x-ms-version': 'REDACTED'
    'Content-Type': 'application/octet-stream'
    'Accept': 'application/xml'
    'User-Agent': 'azsdk-python-storage-blob/12.28.0 Python/3.14.4 (macOS-26.5-arm64-arm-64bit-Mach-O)'
    'x-ms-date': 'REDACTED'
    'x-ms-client-request-id': '6a9ccf20-56ba-11f1-a9e9-2e3bd8daa033'
    'Authorization': 'REDACTED'
A body is sent with the request
2026-05-23 11:16:48,430 DEBUG urllib3.connectionpool https://stasiprod1eus2.blob.core.windows.net:443 "PUT /healthcare/bronze/sdud/year%3D2025/data.csv.gz?comp=block&blockid=TURBd01EQXdNREF3TURBd01EQXdNREF3TURBd01EQXdNVEkxT0RJNU1USSUzRA%3D%3D HTTP/1.1" 201 0
2026-05-23 11:16:48,430 INFO  azure.core.pipeline.policies.http_logging_policy Response status: 201
Response headers:
    'Content-Length': '0'
    'Server': 'Windows-Azure-Blob/1.0 Microsoft-HTTPAPI/2.0'
    'x-ms-request-id': 'e544edb5-e01e-0042-4ec7-ead541000000'
    'x-ms-client-request-id': '6a9ccf20-56ba-11f1-a9e9-2e3bd8daa033'
    'x-ms-version': 'REDACTED'
    'x-ms-content-crc64': 'REDACTED'
    'x-ms-request-server-encrypted': 'REDACTED'
    'Date': 'Sat, 23 May 2026 15:16:47 GMT'
2026-05-23 11:16:48,433 INFO  azure.core.pipeline.policies.http_logging_policy Request URL: 'https://stasiprod1eus2.blob.core.windows.net/healthcare/bronze/sdud/year%3D2025/data.csv.gz?comp=REDACTED&blockid=REDACTED'
Request method: 'PUT'
Request headers:
    'Content-Length': '4194304'
    'x-ms-version': 'REDACTED'
    'Content-Type': 'application/octet-stream'
    'Accept': 'application/xml'
    'User-Agent': 'azsdk-python-storage-blob/12.28.0 Python/3.14.4 (macOS-26.5-arm64-arm-64bit-Mach-O)'
    'x-ms-date': 'REDACTED'
    'x-ms-client-request-id': '6b00f9b4-56ba-11f1-a9e9-2e3bd8daa033'
    'Authorization': 'REDACTED'
A body is sent with the request
2026-05-23 11:16:48,953 DEBUG urllib3.connectionpool https://stasiprod1eus2.blob.core.windows.net:443 "PUT /healthcare/bronze/sdud/year%3D2025/data.csv.gz?comp=block&blockid=TURBd01EQXdNREF3TURBd01EQXdNREF3TURBd01EQXdNVFkzTnpjeU1UWSUzRA%3D%3D HTTP/1.1" 201 0
2026-05-23 11:16:48,954 INFO  azure.core.pipeline.policies.http_logging_policy Response status: 201
Response headers:
    'Content-Length': '0'
    'Server': 'Windows-Azure-Blob/1.0 Microsoft-HTTPAPI/2.0'
    'x-ms-request-id': 'e544f067-e01e-0042-1dc7-ead541000000'
    'x-ms-client-request-id': '6b00f9b4-56ba-11f1-a9e9-2e3bd8daa033'
    'x-ms-version': 'REDACTED'
    'x-ms-content-crc64': 'REDACTED'
    'x-ms-request-server-encrypted': 'REDACTED'
    'Date': 'Sat, 23 May 2026 15:16:48 GMT'
2026-05-23 11:16:48,955 INFO  azure.core.pipeline.policies.http_logging_policy Request URL: 'https://stasiprod1eus2.blob.core.windows.net/healthcare/bronze/sdud/year%3D2025/data.csv.gz?comp=REDACTED&blockid=REDACTED'
Request method: 'PUT'
Request headers:
    'Content-Length': '4194304'
    'x-ms-version': 'REDACTED'
    'Content-Type': 'application/octet-stream'
    'Accept': 'application/xml'
    'User-Agent': 'azsdk-python-storage-blob/12.28.0 Python/3.14.4 (macOS-26.5-arm64-arm-64bit-Mach-O)'
    'x-ms-date': 'REDACTED'
    'x-ms-client-request-id': '6b50c3cc-56ba-11f1-a9e9-2e3bd8daa033'
    'Authorization': 'REDACTED'
A body is sent with the request
2026-05-23 11:16:49,431 DEBUG urllib3.connectionpool https://stasiprod1eus2.blob.core.windows.net:443 "PUT /healthcare/bronze/sdud/year%3D2025/data.csv.gz?comp=block&blockid=TURBd01EQXdNREF3TURBd01EQXdNREF3TURBd01EQXdNakE1TnpFMU1qQSUzRA%3D%3D HTTP/1.1" 201 0
2026-05-23 11:16:49,431 INFO  azure.core.pipeline.policies.http_logging_policy Response status: 201
Response headers:
    'Content-Length': '0'
    'Server': 'Windows-Azure-Blob/1.0 Microsoft-HTTPAPI/2.0'
    'x-ms-request-id': 'e544f25e-e01e-0042-44c7-ead541000000'
    'x-ms-client-request-id': '6b50c3cc-56ba-11f1-a9e9-2e3bd8daa033'
    'x-ms-version': 'REDACTED'
    'x-ms-content-crc64': 'REDACTED'
    'x-ms-request-server-encrypted': 'REDACTED'
    'Date': 'Sat, 23 May 2026 15:16:48 GMT'
2026-05-23 11:16:49,433 INFO  azure.core.pipeline.policies.http_logging_policy Request URL: 'https://stasiprod1eus2.blob.core.windows.net/healthcare/bronze/sdud/year%3D2025/data.csv.gz?comp=REDACTED&blockid=REDACTED'
Request method: 'PUT'
Request headers:
    'Content-Length': '4194304'
    'x-ms-version': 'REDACTED'
    'Content-Type': 'application/octet-stream'
    'Accept': 'application/xml'
    'User-Agent': 'azsdk-python-storage-blob/12.28.0 Python/3.14.4 (macOS-26.5-arm64-arm-64bit-Mach-O)'
    'x-ms-date': 'REDACTED'
    'x-ms-client-request-id': '6b99a6be-56ba-11f1-a9e9-2e3bd8daa033'
    'Authorization': 'REDACTED'
A body is sent with the request
2026-05-23 11:16:50,013 DEBUG urllib3.connectionpool https://stasiprod1eus2.blob.core.windows.net:443 "PUT /healthcare/bronze/sdud/year%3D2025/data.csv.gz?comp=block&blockid=TURBd01EQXdNREF3TURBd01EQXdNREF3TURBd01EQXdNalV4TmpVNE1qUSUzRA%3D%3D HTTP/1.1" 201 0
2026-05-23 11:16:50,013 INFO  azure.core.pipeline.policies.http_logging_policy Response status: 201
Response headers:
    'Content-Length': '0'
    'Server': 'Windows-Azure-Blob/1.0 Microsoft-HTTPAPI/2.0'
    'x-ms-request-id': 'e544f451-e01e-0042-5bc7-ead541000000'
    'x-ms-client-request-id': '6b99a6be-56ba-11f1-a9e9-2e3bd8daa033'
    'x-ms-version': 'REDACTED'
    'x-ms-content-crc64': 'REDACTED'
    'x-ms-request-server-encrypted': 'REDACTED'
    'Date': 'Sat, 23 May 2026 15:16:49 GMT'
2026-05-23 11:16:50,014 INFO  azure.core.pipeline.policies.http_logging_policy Request URL: 'https://stasiprod1eus2.blob.core.windows.net/healthcare/bronze/sdud/year%3D2025/data.csv.gz?comp=REDACTED&blockid=REDACTED'
Request method: 'PUT'
Request headers:
    'Content-Length': '4194304'
    'x-ms-version': 'REDACTED'
    'Content-Type': 'application/octet-stream'
    'Accept': 'application/xml'
    'User-Agent': 'azsdk-python-storage-blob/12.28.0 Python/3.14.4 (macOS-26.5-arm64-arm-64bit-Mach-O)'
    'x-ms-date': 'REDACTED'
    'x-ms-client-request-id': '6bf250de-56ba-11f1-a9e9-2e3bd8daa033'
    'Authorization': 'REDACTED'
A body is sent with the request
2026-05-23 11:16:50,565 DEBUG urllib3.connectionpool https://stasiprod1eus2.blob.core.windows.net:443 "PUT /healthcare/bronze/sdud/year%3D2025/data.csv.gz?comp=block&blockid=TURBd01EQXdNREF3TURBd01EQXdNREF3TURBd01EQXdNamt6TmpBeE1qZyUzRA%3D%3D HTTP/1.1" 201 0
2026-05-23 11:16:50,566 INFO  azure.core.pipeline.policies.http_logging_policy Response status: 201
Response headers:
    'Content-Length': '0'
    'Server': 'Windows-Azure-Blob/1.0 Microsoft-HTTPAPI/2.0'
    'x-ms-request-id': 'e544f689-e01e-0042-4cc7-ead541000000'
    'x-ms-client-request-id': '6bf250de-56ba-11f1-a9e9-2e3bd8daa033'
    'x-ms-version': 'REDACTED'
    'x-ms-content-crc64': 'REDACTED'
    'x-ms-request-server-encrypted': 'REDACTED'
    'Date': 'Sat, 23 May 2026 15:16:50 GMT'
2026-05-23 11:16:50,567 INFO  azure.core.pipeline.policies.http_logging_policy Request URL: 'https://stasiprod1eus2.blob.core.windows.net/healthcare/bronze/sdud/year%3D2025/data.csv.gz?comp=REDACTED&blockid=REDACTED'
Request method: 'PUT'
Request headers:
    'Content-Length': '4194304'
    'x-ms-version': 'REDACTED'
    'Content-Type': 'application/octet-stream'
    'Accept': 'application/xml'
    'User-Agent': 'azsdk-python-storage-blob/12.28.0 Python/3.14.4 (macOS-26.5-arm64-arm-64bit-Mach-O)'
    'x-ms-date': 'REDACTED'
    'x-ms-client-request-id': '6c46b62e-56ba-11f1-a9e9-2e3bd8daa033'
    'Authorization': 'REDACTED'
A body is sent with the request
2026-05-23 11:16:51,121 DEBUG urllib3.connectionpool https://stasiprod1eus2.blob.core.windows.net:443 "PUT /healthcare/bronze/sdud/year%3D2025/data.csv.gz?comp=block&blockid=TURBd01EQXdNREF3TURBd01EQXdNREF3TURBd01EQXdNek0xTlRRME16SSUzRA%3D%3D HTTP/1.1" 201 0
2026-05-23 11:16:51,122 INFO  azure.core.pipeline.policies.http_logging_policy Response status: 201
Response headers:
    'Content-Length': '0'
    'Server': 'Windows-Azure-Blob/1.0 Microsoft-HTTPAPI/2.0'
    'x-ms-request-id': 'e544f90d-e01e-0042-6fc7-ead541000000'
    'x-ms-client-request-id': '6c46b62e-56ba-11f1-a9e9-2e3bd8daa033'
    'x-ms-version': 'REDACTED'
    'x-ms-content-crc64': 'REDACTED'
    'x-ms-request-server-encrypted': 'REDACTED'
    'Date': 'Sat, 23 May 2026 15:16:50 GMT'
2026-05-23 11:16:51,124 INFO  azure.core.pipeline.policies.http_logging_policy Request URL: 'https://stasiprod1eus2.blob.core.windows.net/healthcare/bronze/sdud/year%3D2025/data.csv.gz?comp=REDACTED&blockid=REDACTED'
Request method: 'PUT'
Request headers:
    'Content-Length': '4194304'
    'x-ms-version': 'REDACTED'
    'Content-Type': 'application/octet-stream'
    'Accept': 'application/xml'
    'User-Agent': 'azsdk-python-storage-blob/12.28.0 Python/3.14.4 (macOS-26.5-arm64-arm-64bit-Mach-O)'
    'x-ms-date': 'REDACTED'
    'x-ms-client-request-id': '6c9ba616-56ba-11f1-a9e9-2e3bd8daa033'
    'Authorization': 'REDACTED'
A body is sent with the request
2026-05-23 11:16:51,583 DEBUG urllib3.connectionpool https://stasiprod1eus2.blob.core.windows.net:443 "PUT /healthcare/bronze/sdud/year%3D2025/data.csv.gz?comp=block&blockid=TURBd01EQXdNREF3TURBd01EQXdNREF3TURBd01EQXdNemMzTkRnM016WSUzRA%3D%3D HTTP/1.1" 201 0
2026-05-23 11:16:51,584 INFO  azure.core.pipeline.policies.http_logging_policy Response status: 201
Response headers:
    'Content-Length': '0'
    'Server': 'Windows-Azure-Blob/1.0 Microsoft-HTTPAPI/2.0'
    'x-ms-request-id': 'e544fb62-e01e-0042-6ec7-ead541000000'
    'x-ms-client-request-id': '6c9ba616-56ba-11f1-a9e9-2e3bd8daa033'
    'x-ms-version': 'REDACTED'
    'x-ms-content-crc64': 'REDACTED'
    'x-ms-request-server-encrypted': 'REDACTED'
    'Date': 'Sat, 23 May 2026 15:16:51 GMT'
2026-05-23 11:16:51,585 INFO  azure.core.pipeline.policies.http_logging_policy Request URL: 'https://stasiprod1eus2.blob.core.windows.net/healthcare/bronze/sdud/year%3D2025/data.csv.gz?comp=REDACTED&blockid=REDACTED'
Request method: 'PUT'
Request headers:
    'Content-Length': '4194304'
    'x-ms-version': 'REDACTED'
    'Content-Type': 'application/octet-stream'
    'Accept': 'application/xml'
    'User-Agent': 'azsdk-python-storage-blob/12.28.0 Python/3.14.4 (macOS-26.5-arm64-arm-64bit-Mach-O)'
    'x-ms-date': 'REDACTED'
    'x-ms-client-request-id': '6ce20dcc-56ba-11f1-a9e9-2e3bd8daa033'
    'Authorization': 'REDACTED'
A body is sent with the request
2026-05-23 11:16:52,082 DEBUG urllib3.connectionpool https://stasiprod1eus2.blob.core.windows.net:443 "PUT /healthcare/bronze/sdud/year%3D2025/data.csv.gz?comp=block&blockid=TURBd01EQXdNREF3TURBd01EQXdNREF3TURBd01EQXdOREU1TkRNd05EQSUzRA%3D%3D HTTP/1.1" 201 0
2026-05-23 11:16:52,083 INFO  azure.core.pipeline.policies.http_logging_policy Response status: 201
Response headers:
    'Content-Length': '0'
    'Server': 'Windows-Azure-Blob/1.0 Microsoft-HTTPAPI/2.0'
    'x-ms-request-id': 'e544fe11-e01e-0042-7ac7-ead541000000'
    'x-ms-client-request-id': '6ce20dcc-56ba-11f1-a9e9-2e3bd8daa033'
    'x-ms-version': 'REDACTED'
    'x-ms-content-crc64': 'REDACTED'
    'x-ms-request-server-encrypted': 'REDACTED'
    'Date': 'Sat, 23 May 2026 15:16:51 GMT'
2026-05-23 11:16:52,085 INFO  azure.core.pipeline.policies.http_logging_policy Request URL: 'https://stasiprod1eus2.blob.core.windows.net/healthcare/bronze/sdud/year%3D2025/data.csv.gz?comp=REDACTED&blockid=REDACTED'
Request method: 'PUT'
Request headers:
    'Content-Length': '4194304'
    'x-ms-version': 'REDACTED'
    'Content-Type': 'application/octet-stream'
    'Accept': 'application/xml'
    'User-Agent': 'azsdk-python-storage-blob/12.28.0 Python/3.14.4 (macOS-26.5-arm64-arm-64bit-Mach-O)'
    'x-ms-date': 'REDACTED'
    'x-ms-client-request-id': '6d2e4872-56ba-11f1-a9e9-2e3bd8daa033'
    'Authorization': 'REDACTED'
A body is sent with the request
2026-05-23 11:16:52,573 DEBUG urllib3.connectionpool https://stasiprod1eus2.blob.core.windows.net:443 "PUT /healthcare/bronze/sdud/year%3D2025/data.csv.gz?comp=block&blockid=TURBd01EQXdNREF3TURBd01EQXdNREF3TURBd01EQXdORFl4TXpjek5EUSUzRA%3D%3D HTTP/1.1" 201 0
2026-05-23 11:16:52,573 INFO  azure.core.pipeline.policies.http_logging_policy Response status: 201
Response headers:
    'Content-Length': '0'
    'Server': 'Windows-Azure-Blob/1.0 Microsoft-HTTPAPI/2.0'
    'x-ms-request-id': 'e545002d-e01e-0042-38c7-ead541000000'
    'x-ms-client-request-id': '6d2e4872-56ba-11f1-a9e9-2e3bd8daa033'
    'x-ms-version': 'REDACTED'
    'x-ms-content-crc64': 'REDACTED'
    'x-ms-request-server-encrypted': 'REDACTED'
    'Date': 'Sat, 23 May 2026 15:16:52 GMT'
2026-05-23 11:16:52,575 INFO  azure.core.pipeline.policies.http_logging_policy Request URL: 'https://stasiprod1eus2.blob.core.windows.net/healthcare/bronze/sdud/year%3D2025/data.csv.gz?comp=REDACTED&blockid=REDACTED'
Request method: 'PUT'
Request headers:
    'Content-Length': '4194304'
    'x-ms-version': 'REDACTED'
    'Content-Type': 'application/octet-stream'
    'Accept': 'application/xml'
    'User-Agent': 'azsdk-python-storage-blob/12.28.0 Python/3.14.4 (macOS-26.5-arm64-arm-64bit-Mach-O)'
    'x-ms-date': 'REDACTED'
    'x-ms-client-request-id': '6d7921b2-56ba-11f1-a9e9-2e3bd8daa033'
    'Authorization': 'REDACTED'
A body is sent with the request
2026-05-23 11:16:53,033 DEBUG urllib3.connectionpool https://stasiprod1eus2.blob.core.windows.net:443 "PUT /healthcare/bronze/sdud/year%3D2025/data.csv.gz?comp=block&blockid=TURBd01EQXdNREF3TURBd01EQXdNREF3TURBd01EQXdOVEF6TXpFMk5EZyUzRA%3D%3D HTTP/1.1" 201 0
2026-05-23 11:16:53,033 INFO  azure.core.pipeline.policies.http_logging_policy Response status: 201
Response headers:
    'Content-Length': '0'
    'Server': 'Windows-Azure-Blob/1.0 Microsoft-HTTPAPI/2.0'
    'x-ms-request-id': 'e54502c1-e01e-0042-7ac7-ead541000000'
    'x-ms-client-request-id': '6d7921b2-56ba-11f1-a9e9-2e3bd8daa033'
    'x-ms-version': 'REDACTED'
    'x-ms-content-crc64': 'REDACTED'
    'x-ms-request-server-encrypted': 'REDACTED'
    'Date': 'Sat, 23 May 2026 15:16:52 GMT'
2026-05-23 11:16:53,035 INFO  azure.core.pipeline.policies.http_logging_policy Request URL: 'https://stasiprod1eus2.blob.core.windows.net/healthcare/bronze/sdud/year%3D2025/data.csv.gz?comp=REDACTED&blockid=REDACTED'
Request method: 'PUT'
Request headers:
    'Content-Length': '4194304'
    'x-ms-version': 'REDACTED'
    'Content-Type': 'application/octet-stream'
    'Accept': 'application/xml'
    'User-Agent': 'azsdk-python-storage-blob/12.28.0 Python/3.14.4 (macOS-26.5-arm64-arm-64bit-Mach-O)'
    'x-ms-date': 'REDACTED'
    'x-ms-client-request-id': '6dbf54d4-56ba-11f1-a9e9-2e3bd8daa033'
    'Authorization': 'REDACTED'
A body is sent with the request
2026-05-23 11:16:53,511 DEBUG urllib3.connectionpool https://stasiprod1eus2.blob.core.windows.net:443 "PUT /healthcare/bronze/sdud/year%3D2025/data.csv.gz?comp=block&blockid=TURBd01EQXdNREF3TURBd01EQXdNREF3TURBd01EQXdOVFExTWpVNU5USSUzRA%3D%3D HTTP/1.1" 201 0
2026-05-23 11:16:53,511 INFO  azure.core.pipeline.policies.http_logging_policy Response status: 201
Response headers:
    'Content-Length': '0'
    'Server': 'Windows-Azure-Blob/1.0 Microsoft-HTTPAPI/2.0'
    'x-ms-request-id': 'e545056c-e01e-0042-5ec7-ead541000000'
    'x-ms-client-request-id': '6dbf54d4-56ba-11f1-a9e9-2e3bd8daa033'
    'x-ms-version': 'REDACTED'
    'x-ms-content-crc64': 'REDACTED'
    'x-ms-request-server-encrypted': 'REDACTED'
    'Date': 'Sat, 23 May 2026 15:16:52 GMT'
2026-05-23 11:16:53,513 INFO  azure.core.pipeline.policies.http_logging_policy Request URL: 'https://stasiprod1eus2.blob.core.windows.net/healthcare/bronze/sdud/year%3D2025/data.csv.gz?comp=REDACTED&blockid=REDACTED'
Request method: 'PUT'
Request headers:
    'Content-Length': '4194304'
    'x-ms-version': 'REDACTED'
    'Content-Type': 'application/octet-stream'
    'Accept': 'application/xml'
    'User-Agent': 'azsdk-python-storage-blob/12.28.0 Python/3.14.4 (macOS-26.5-arm64-arm-64bit-Mach-O)'
    'x-ms-date': 'REDACTED'
    'x-ms-client-request-id': '6e083366-56ba-11f1-a9e9-2e3bd8daa033'
    'Authorization': 'REDACTED'
A body is sent with the request
2026-05-23 11:16:53,967 DEBUG urllib3.connectionpool https://stasiprod1eus2.blob.core.windows.net:443 "PUT /healthcare/bronze/sdud/year%3D2025/data.csv.gz?comp=block&blockid=TURBd01EQXdNREF3TURBd01EQXdNREF3TURBd01EQXdOVGczTWpBeU5UWSUzRA%3D%3D HTTP/1.1" 201 0
2026-05-23 11:16:53,968 INFO  azure.core.pipeline.policies.http_logging_policy Response status: 201
Response headers:
    'Content-Length': '0'
    'Server': 'Windows-Azure-Blob/1.0 Microsoft-HTTPAPI/2.0'
    'x-ms-request-id': 'e5450813-e01e-0042-2ac7-ead541000000'
    'x-ms-client-request-id': '6e083366-56ba-11f1-a9e9-2e3bd8daa033'
    'x-ms-version': 'REDACTED'
    'x-ms-content-crc64': 'REDACTED'
    'x-ms-request-server-encrypted': 'REDACTED'
    'Date': 'Sat, 23 May 2026 15:16:53 GMT'
2026-05-23 11:16:53,970 INFO  azure.core.pipeline.policies.http_logging_policy Request URL: 'https://stasiprod1eus2.blob.core.windows.net/healthcare/bronze/sdud/year%3D2025/data.csv.gz?comp=REDACTED&blockid=REDACTED'
Request method: 'PUT'
Request headers:
    'Content-Length': '4194304'
    'x-ms-version': 'REDACTED'
    'Content-Type': 'application/octet-stream'
    'Accept': 'application/xml'
    'User-Agent': 'azsdk-python-storage-blob/12.28.0 Python/3.14.4 (macOS-26.5-arm64-arm-64bit-Mach-O)'
    'x-ms-date': 'REDACTED'
    'x-ms-client-request-id': '6e4decf8-56ba-11f1-a9e9-2e3bd8daa033'
    'Authorization': 'REDACTED'
A body is sent with the request
2026-05-23 11:16:54,496 DEBUG urllib3.connectionpool https://stasiprod1eus2.blob.core.windows.net:443 "PUT /healthcare/bronze/sdud/year%3D2025/data.csv.gz?comp=block&blockid=TURBd01EQXdNREF3TURBd01EQXdNREF3TURBd01EQXdOakk1TVRRMU5qQSUzRA%3D%3D HTTP/1.1" 201 0
2026-05-23 11:16:54,496 INFO  azure.core.pipeline.policies.http_logging_policy Response status: 201
Response headers:
    'Content-Length': '0'
    'Server': 'Windows-Azure-Blob/1.0 Microsoft-HTTPAPI/2.0'
    'x-ms-request-id': 'e5450acd-e01e-0042-7fc7-ead541000000'
    'x-ms-client-request-id': '6e4decf8-56ba-11f1-a9e9-2e3bd8daa033'
    'x-ms-version': 'REDACTED'
    'x-ms-content-crc64': 'REDACTED'
    'x-ms-request-server-encrypted': 'REDACTED'
    'Date': 'Sat, 23 May 2026 15:16:53 GMT'
2026-05-23 11:16:54,498 INFO  azure.core.pipeline.policies.http_logging_policy Request URL: 'https://stasiprod1eus2.blob.core.windows.net/healthcare/bronze/sdud/year%3D2025/data.csv.gz?comp=REDACTED&blockid=REDACTED'
Request method: 'PUT'
Request headers:
    'Content-Length': '4194304'
    'x-ms-version': 'REDACTED'
    'Content-Type': 'application/octet-stream'
    'Accept': 'application/xml'
    'User-Agent': 'azsdk-python-storage-blob/12.28.0 Python/3.14.4 (macOS-26.5-arm64-arm-64bit-Mach-O)'
    'x-ms-date': 'REDACTED'
    'x-ms-client-request-id': '6e9e8532-56ba-11f1-a9e9-2e3bd8daa033'
    'Authorization': 'REDACTED'
A body is sent with the request
2026-05-23 11:16:55,004 DEBUG urllib3.connectionpool https://stasiprod1eus2.blob.core.windows.net:443 "PUT /healthcare/bronze/sdud/year%3D2025/data.csv.gz?comp=block&blockid=TURBd01EQXdNREF3TURBd01EQXdNREF3TURBd01EQXdOamN4TURnNE5qUSUzRA%3D%3D HTTP/1.1" 201 0
2026-05-23 11:16:55,005 INFO  azure.core.pipeline.policies.http_logging_policy Response status: 201
Response headers:
    'Content-Length': '0'
    'Server': 'Windows-Azure-Blob/1.0 Microsoft-HTTPAPI/2.0'
    'x-ms-request-id': 'e5450d66-e01e-0042-56c7-ead541000000'
    'x-ms-client-request-id': '6e9e8532-56ba-11f1-a9e9-2e3bd8daa033'
    'x-ms-version': 'REDACTED'
    'x-ms-content-crc64': 'REDACTED'
    'x-ms-request-server-encrypted': 'REDACTED'
    'Date': 'Sat, 23 May 2026 15:16:54 GMT'
2026-05-23 11:16:55,007 INFO  azure.core.pipeline.policies.http_logging_policy Request URL: 'https://stasiprod1eus2.blob.core.windows.net/healthcare/bronze/sdud/year%3D2025/data.csv.gz?comp=REDACTED&blockid=REDACTED'
Request method: 'PUT'
Request headers:
    'Content-Length': '4194304'
    'x-ms-version': 'REDACTED'
    'Content-Type': 'application/octet-stream'
    'Accept': 'application/xml'
    'User-Agent': 'azsdk-python-storage-blob/12.28.0 Python/3.14.4 (macOS-26.5-arm64-arm-64bit-Mach-O)'
    'x-ms-date': 'REDACTED'
    'x-ms-client-request-id': '6eec2954-56ba-11f1-a9e9-2e3bd8daa033'
    'Authorization': 'REDACTED'
A body is sent with the request
2026-05-23 11:16:55,556 DEBUG urllib3.connectionpool https://stasiprod1eus2.blob.core.windows.net:443 "PUT /healthcare/bronze/sdud/year%3D2025/data.csv.gz?comp=block&blockid=TURBd01EQXdNREF3TURBd01EQXdNREF3TURBd01EQXdOekV6TURNeE5qZyUzRA%3D%3D HTTP/1.1" 201 0
2026-05-23 11:16:55,556 INFO  azure.core.pipeline.policies.http_logging_policy Response status: 201
Response headers:
    'Content-Length': '0'
    'Server': 'Windows-Azure-Blob/1.0 Microsoft-HTTPAPI/2.0'
    'x-ms-request-id': 'e5450ffe-e01e-0042-17c7-ead541000000'
    'x-ms-client-request-id': '6eec2954-56ba-11f1-a9e9-2e3bd8daa033'
    'x-ms-version': 'REDACTED'
    'x-ms-content-crc64': 'REDACTED'
    'x-ms-request-server-encrypted': 'REDACTED'
    'Date': 'Sat, 23 May 2026 15:16:55 GMT'
2026-05-23 11:16:55,558 INFO  azure.core.pipeline.policies.http_logging_policy Request URL: 'https://stasiprod1eus2.blob.core.windows.net/healthcare/bronze/sdud/year%3D2025/data.csv.gz?comp=REDACTED&blockid=REDACTED'
Request method: 'PUT'
Request headers:
    'Content-Length': '4194304'
    'x-ms-version': 'REDACTED'
    'Content-Type': 'application/octet-stream'
    'Accept': 'application/xml'
    'User-Agent': 'azsdk-python-storage-blob/12.28.0 Python/3.14.4 (macOS-26.5-arm64-arm-64bit-Mach-O)'
    'x-ms-date': 'REDACTED'
    'x-ms-client-request-id': '6f404c64-56ba-11f1-a9e9-2e3bd8daa033'
    'Authorization': 'REDACTED'
A body is sent with the request
2026-05-23 11:16:56,048 DEBUG urllib3.connectionpool https://stasiprod1eus2.blob.core.windows.net:443 "PUT /healthcare/bronze/sdud/year%3D2025/data.csv.gz?comp=block&blockid=TURBd01EQXdNREF3TURBd01EQXdNREF3TURBd01EQXdOelUwT1RjME56SSUzRA%3D%3D HTTP/1.1" 201 0
2026-05-23 11:16:56,049 INFO  azure.core.pipeline.policies.http_logging_policy Response status: 201
Response headers:
    'Content-Length': '0'
    'Server': 'Windows-Azure-Blob/1.0 Microsoft-HTTPAPI/2.0'
    'x-ms-request-id': 'e54512b4-e01e-0042-67c7-ead541000000'
    'x-ms-client-request-id': '6f404c64-56ba-11f1-a9e9-2e3bd8daa033'
    'x-ms-version': 'REDACTED'
    'x-ms-content-crc64': 'REDACTED'
    'x-ms-request-server-encrypted': 'REDACTED'
    'Date': 'Sat, 23 May 2026 15:16:55 GMT'
2026-05-23 11:16:56,053 INFO  azure.core.pipeline.policies.http_logging_policy Request URL: 'https://stasiprod1eus2.blob.core.windows.net/healthcare/bronze/sdud/year%3D2025/data.csv.gz?comp=REDACTED&blockid=REDACTED'
Request method: 'PUT'
Request headers:
    'Content-Length': '4194304'
    'x-ms-version': 'REDACTED'
    'Content-Type': 'application/octet-stream'
    'Accept': 'application/xml'
    'User-Agent': 'azsdk-python-storage-blob/12.28.0 Python/3.14.4 (macOS-26.5-arm64-arm-64bit-Mach-O)'
    'x-ms-date': 'REDACTED'
    'x-ms-client-request-id': '6f8bb4f6-56ba-11f1-a9e9-2e3bd8daa033'
    'Authorization': 'REDACTED'
A body is sent with the request
2026-05-23 11:16:56,517 DEBUG urllib3.connectionpool https://stasiprod1eus2.blob.core.windows.net:443 "PUT /healthcare/bronze/sdud/year%3D2025/data.csv.gz?comp=block&blockid=TURBd01EQXdNREF3TURBd01EQXdNREF3TURBd01EQXdOemsyT1RFM056WSUzRA%3D%3D HTTP/1.1" 201 0
2026-05-23 11:16:56,517 INFO  azure.core.pipeline.policies.http_logging_policy Response status: 201
Response headers:
    'Content-Length': '0'
    'Server': 'Windows-Azure-Blob/1.0 Microsoft-HTTPAPI/2.0'
    'x-ms-request-id': 'e5451527-e01e-0042-0ac7-ead541000000'
    'x-ms-client-request-id': '6f8bb4f6-56ba-11f1-a9e9-2e3bd8daa033'
    'x-ms-version': 'REDACTED'
    'x-ms-content-crc64': 'REDACTED'
    'x-ms-request-server-encrypted': 'REDACTED'
    'Date': 'Sat, 23 May 2026 15:16:55 GMT'
2026-05-23 11:16:56,519 INFO  azure.core.pipeline.policies.http_logging_policy Request URL: 'https://stasiprod1eus2.blob.core.windows.net/healthcare/bronze/sdud/year%3D2025/data.csv.gz?comp=REDACTED&blockid=REDACTED'
Request method: 'PUT'
Request headers:
    'Content-Length': '4194304'
    'x-ms-version': 'REDACTED'
    'Content-Type': 'application/octet-stream'
    'Accept': 'application/xml'
    'User-Agent': 'azsdk-python-storage-blob/12.28.0 Python/3.14.4 (macOS-26.5-arm64-arm-64bit-Mach-O)'
    'x-ms-date': 'REDACTED'
    'x-ms-client-request-id': '6fd2ef88-56ba-11f1-a9e9-2e3bd8daa033'
    'Authorization': 'REDACTED'
A body is sent with the request
2026-05-23 11:16:56,924 DEBUG urllib3.connectionpool https://stasiprod1eus2.blob.core.windows.net:443 "PUT /healthcare/bronze/sdud/year%3D2025/data.csv.gz?comp=block&blockid=TURBd01EQXdNREF3TURBd01EQXdNREF3TURBd01EQXdPRE00T0RZd09EQSUzRA%3D%3D HTTP/1.1" 201 0
2026-05-23 11:16:56,925 INFO  azure.core.pipeline.policies.http_logging_policy Response status: 201
Response headers:
    'Content-Length': '0'
    'Server': 'Windows-Azure-Blob/1.0 Microsoft-HTTPAPI/2.0'
    'x-ms-request-id': 'e5451812-e01e-0042-1ec7-ead541000000'
    'x-ms-client-request-id': '6fd2ef88-56ba-11f1-a9e9-2e3bd8daa033'
    'x-ms-version': 'REDACTED'
    'x-ms-content-crc64': 'REDACTED'
    'x-ms-request-server-encrypted': 'REDACTED'
    'Date': 'Sat, 23 May 2026 15:16:56 GMT'
2026-05-23 11:16:56,927 INFO  azure.core.pipeline.policies.http_logging_policy Request URL: 'https://stasiprod1eus2.blob.core.windows.net/healthcare/bronze/sdud/year%3D2025/data.csv.gz?comp=REDACTED&blockid=REDACTED'
Request method: 'PUT'
Request headers:
    'Content-Length': '4194304'
    'x-ms-version': 'REDACTED'
    'Content-Type': 'application/octet-stream'
    'Accept': 'application/xml'
    'User-Agent': 'azsdk-python-storage-blob/12.28.0 Python/3.14.4 (macOS-26.5-arm64-arm-64bit-Mach-O)'
    'x-ms-date': 'REDACTED'
    'x-ms-client-request-id': '70112294-56ba-11f1-a9e9-2e3bd8daa033'
    'Authorization': 'REDACTED'
A body is sent with the request
2026-05-23 11:16:57,379 DEBUG urllib3.connectionpool https://stasiprod1eus2.blob.core.windows.net:443 "PUT /healthcare/bronze/sdud/year%3D2025/data.csv.gz?comp=block&blockid=TURBd01EQXdNREF3TURBd01EQXdNREF3TURBd01EQXdPRGd3T0RBek9EUSUzRA%3D%3D HTTP/1.1" 201 0
2026-05-23 11:16:57,379 INFO  azure.core.pipeline.policies.http_logging_policy Response status: 201
Response headers:
    'Content-Length': '0'
    'Server': 'Windows-Azure-Blob/1.0 Microsoft-HTTPAPI/2.0'
    'x-ms-request-id': 'e54519f5-e01e-0042-48c7-ead541000000'
    'x-ms-client-request-id': '70112294-56ba-11f1-a9e9-2e3bd8daa033'
    'x-ms-version': 'REDACTED'
    'x-ms-content-crc64': 'REDACTED'
    'x-ms-request-server-encrypted': 'REDACTED'
    'Date': 'Sat, 23 May 2026 15:16:56 GMT'
2026-05-23 11:16:57,381 INFO  azure.core.pipeline.policies.http_logging_policy Request URL: 'https://stasiprod1eus2.blob.core.windows.net/healthcare/bronze/sdud/year%3D2025/data.csv.gz?comp=REDACTED&blockid=REDACTED'
Request method: 'PUT'
Request headers:
    'Content-Length': '4194304'
    'x-ms-version': 'REDACTED'
    'Content-Type': 'application/octet-stream'
    'Accept': 'application/xml'
    'User-Agent': 'azsdk-python-storage-blob/12.28.0 Python/3.14.4 (macOS-26.5-arm64-arm-64bit-Mach-O)'
    'x-ms-date': 'REDACTED'
    'x-ms-client-request-id': '705664b2-56ba-11f1-a9e9-2e3bd8daa033'
    'Authorization': 'REDACTED'
A body is sent with the request
2026-05-23 11:16:57,816 DEBUG urllib3.connectionpool https://stasiprod1eus2.blob.core.windows.net:443 "PUT /healthcare/bronze/sdud/year%3D2025/data.csv.gz?comp=block&blockid=TURBd01EQXdNREF3TURBd01EQXdNREF3TURBd01EQXdPVEl5TnpRMk9EZyUzRA%3D%3D HTTP/1.1" 201 0
2026-05-23 11:16:57,817 INFO  azure.core.pipeline.policies.http_logging_policy Response status: 201
Response headers:
    'Content-Length': '0'
    'Server': 'Windows-Azure-Blob/1.0 Microsoft-HTTPAPI/2.0'
    'x-ms-request-id': 'e5451c08-e01e-0042-19c7-ead541000000'
    'x-ms-client-request-id': '705664b2-56ba-11f1-a9e9-2e3bd8daa033'
    'x-ms-version': 'REDACTED'
    'x-ms-content-crc64': 'REDACTED'
    'x-ms-request-server-encrypted': 'REDACTED'
    'Date': 'Sat, 23 May 2026 15:16:57 GMT'
2026-05-23 11:16:57,818 INFO  azure.core.pipeline.policies.http_logging_policy Request URL: 'https://stasiprod1eus2.blob.core.windows.net/healthcare/bronze/sdud/year%3D2025/data.csv.gz?comp=REDACTED&blockid=REDACTED'
Request method: 'PUT'
Request headers:
    'Content-Length': '764569'
    'x-ms-version': 'REDACTED'
    'Content-Type': 'application/octet-stream'
    'Accept': 'application/xml'
    'User-Agent': 'azsdk-python-storage-blob/12.28.0 Python/3.14.4 (macOS-26.5-arm64-arm-64bit-Mach-O)'
    'x-ms-date': 'REDACTED'
    'x-ms-client-request-id': '70990844-56ba-11f1-a9e9-2e3bd8daa033'
    'Authorization': 'REDACTED'
A body is sent with the request
2026-05-23 11:16:58,027 DEBUG urllib3.connectionpool https://stasiprod1eus2.blob.core.windows.net:443 "PUT /healthcare/bronze/sdud/year%3D2025/data.csv.gz?comp=block&blockid=TURBd01EQXdNREF3TURBd01EQXdNREF3TURBd01EQXdPVFkwTmpnNU9USSUzRA%3D%3D HTTP/1.1" 201 0
2026-05-23 11:16:58,028 INFO  azure.core.pipeline.policies.http_logging_policy Response status: 201
Response headers:
    'Content-Length': '0'
    'Server': 'Windows-Azure-Blob/1.0 Microsoft-HTTPAPI/2.0'
    'x-ms-request-id': 'e5451e67-e01e-0042-25c7-ead541000000'
    'x-ms-client-request-id': '70990844-56ba-11f1-a9e9-2e3bd8daa033'
    'x-ms-version': 'REDACTED'
    'x-ms-content-crc64': 'REDACTED'
    'x-ms-request-server-encrypted': 'REDACTED'
    'Date': 'Sat, 23 May 2026 15:16:57 GMT'
2026-05-23 11:16:58,029 INFO  azure.core.pipeline.policies.http_logging_policy Request URL: 'https://stasiprod1eus2.blob.core.windows.net/healthcare/bronze/sdud/year%3D2025/data.csv.gz?comp=REDACTED'
Request method: 'PUT'
Request headers:
    'Content-Length': '2006'
    'x-ms-version': 'REDACTED'
    'Content-Type': 'application/xml'
    'Accept': 'application/xml'
    'User-Agent': 'azsdk-python-storage-blob/12.28.0 Python/3.14.4 (macOS-26.5-arm64-arm-64bit-Mach-O)'
    'x-ms-date': 'REDACTED'
    'x-ms-client-request-id': '70b956d0-56ba-11f1-a9e9-2e3bd8daa033'
    'Authorization': 'REDACTED'
A body is sent with the request
2026-05-23 11:16:58,070 DEBUG urllib3.connectionpool https://stasiprod1eus2.blob.core.windows.net:443 "PUT /healthcare/bronze/sdud/year%3D2025/data.csv.gz?comp=blocklist HTTP/1.1" 201 0
2026-05-23 11:16:58,071 INFO  azure.core.pipeline.policies.http_logging_policy Response status: 201
Response headers:
    'Content-Length': '0'
    'Last-Modified': 'Sat, 23 May 2026 15:16:58 GMT'
    'ETag': '"0x8DEB8DE54F37B4C"'
    'Server': 'Windows-Azure-Blob/1.0 Microsoft-HTTPAPI/2.0'
    'x-ms-request-id': 'e5451f2e-e01e-0042-50c7-ead541000000'
    'x-ms-client-request-id': '70b956d0-56ba-11f1-a9e9-2e3bd8daa033'
    'x-ms-version': 'REDACTED'
    'x-ms-content-crc64': 'REDACTED'
    'x-ms-request-server-encrypted': 'REDACTED'
    'Date': 'Sat, 23 May 2026 15:16:57 GMT'
2026-05-23 11:16:58,071 INFO  sdud_pull uploaded /tmp/sdud-stage/year=2025/data.csv.gz → az://stasiprod1eus2/healthcare/bronze/sdud/year=2025/data.csv.gz
2026-05-23 11:16:58,072 INFO  sdud_pull SUMMARY years=6 total_rows=31028144 total_bytes_in=2955.2MB
